Title;Description;Tools;Specialization
Precision Pest Management System for Urban Gardens;A web-based platform allowing urban gardeners to monitor and manage pest infestations via image uploads processed with a YOLOv5 model for insect identification. The backend manages crop data and triggers real-time recommendations, while the frontend provides actionable visual reports. Microcontroller-driven IoT sensors capture environmental data to adjust pest control strategies dynamically.;React, Node.js (Express), MongoDB, Python (PyTorch YOLOv5), ESP32 (IoT sensor), MQTT, Docker;Frontend Development, Backend Development, AI (Computer Vision), IoT
Smart Greenhouse Environment Control System;A web-based platform that enables users to monitor and adjust greenhouse environmental parameters such as temperature, humidity, and soil moisture via real-time sensor data collected from embedded IoT devices. The backend processes sensor inputs and implements control algorithms to automate actuators (fans, sprinklers, heaters), while the frontend offers dashboards and manual override controls for agricultural workers.;React, Node.js, Express, MQTT, Raspberry Pi with DHT22 and soil moisture sensors, PostgreSQL, Docker;Frontend and Backend Development with IoT Integration
Smart Indoor Air Quality Monitoring System;The system integrates IoT sensors deployed in indoor spaces to continuously collect data on pollutants like CO2, PM2.5, and VOCs. A backend analyzes sensor readings, tracks historical air quality trends, and triggers notifications when parameters exceed safe thresholds. The frontend provides facility managers with real-time dashboards, air quality reports, and control interfaces for connected air filtration devices.;React.js, Node.js, Express, MongoDB, MQTT Broker, Arduino with air quality sensors, Docker;IoT Development with Fullstack Web Application
Smart Fleet Maintenance Scheduler;The system monitors vehicle telemetry via IoT sensors and schedules maintenance tasks automatically to reduce downtime. It features a frontend dashboard for fleet managers to track vehicle status and maintenance history, while the backend processes sensor data and optimizes service intervals using rule-based logic. Integration with third-party SMS gateways enables automated service reminders to drivers.;React, Node.js, PostgreSQL, MQTT broker, Express.js, Docker, Twilio API;Frontend Development, Backend Development, IoT Integration
Smart Inventory Management System for Urban Vertical Farms;This system enables real-time tracking and automated restocking of hydroponic crops using sensor inputs integrated with cloud-hosted databases. The frontend dashboard visualizes crop growth metrics and inventory levels, while the backend processes sensor data and triggers supply chain alerts. Users such as farm managers and suppliers interact with the platform to optimize resource allocation and reduce waste.;React, Node.js, Express, MongoDB, MQTT, AWS IoT Core, Docker;Frontend Development, Backend Development, IoT Integration, Cloud Computing
SmartHydro: IoT-Enabled Remote Irrigation Management System;SmartHydro integrates soil moisture sensors with a web dashboard to monitor and control agricultural irrigation remotely. The frontend visualizes real-time sensor data and allows scheduling irrigation via the backend, which communicates with embedded microcontrollers to actuate water valves. Data storage and user authentication are handled through a centralized server.;React, Node.js, Express, MongoDB, MQTT, Arduino with soil moisture sensors and relay modules;Full-Stack Development with IoT Integration
Smart Fleet Management Dashboard;A web application managing real-time tracking and scheduling of commercial vehicles using GPS data. The frontend visualizes vehicle locations and routes on interactive maps, while the backend processes telemetry data and optimizes maintenance alerts based on mileage thresholds.;React, Leaflet.js, Node.js, Express, MongoDB, WebSocket;Frontend Development, Backend Development, IoT Integration
Smart Inventory Management System for Small Retailers;This web application allows small retail businesses to monitor stock levels, track product movement, and receive automated reorder alerts based on threshold rules. The backend API manages inventory data and integrates live sales inputs, while the frontend provides real-time dashboards and reporting interfaces tailored for store managers. User authentication and role-based access controls ensure secure multi-user operations.;React, Node.js, Express, MongoDB, JWT Authentication, Chart.js;Full-Stack Web Development
SmartGreenhouse Monitoring and Control System;This system integrates sensor data from a network of IoT devices deployed in a greenhouse to monitor temperature, humidity, and soil moisture levels in real-time. The frontend dashboard visualizes environmental data and allows users to configure automated irrigation and climate controls, while the backend manages data storage, device communication, and command scheduling via RESTful APIs.;React.js, Node.js with Express, MongoDB, MQTT protocol, Raspberry Pi, DHT22 sensors, soil moisture sensors, Docker;Frontend Development, Backend Development, IoT
MediTrack: IoT-Enabled Medication Compliance System;MediTrack is a web platform paired with smart pillbox devices to monitor and encourage patients' timely medication intake. The backend aggregates sensor data from IoT-enabled pillboxes and provides alerts and analytics via a responsive React interface for patients and healthcare providers. Real-time communication is handled through MQTT, enabling status updates and compliance notifications.;React, Node.js, Express, MongoDB, MQTT, Embedded C, ESP32, Docker;Frontend Development, Backend Development, IoT, Embedded Systems
Smart Inventory Control for Organic Farms;This system manages real-time stock levels and reorder scheduling for organic farm products. It features a React frontend dashboard linked to a Node.js API that processes inventory updates and forecasts demand using simple historical data analytics. Weather sensor data from Raspberry Pi devices is integrated to adjust supply estimates automatically.;React, Node.js, Express, PostgreSQL, Raspberry Pi, REST API;Full Stack Development with Embedded Systems Integration
Smart Irrigation Scheduler;A web platform allowing farmers to monitor soil moisture data from IoT sensors and schedule irrigation cycles accordingly. The backend collects real-time sensor data via MQTT and stores it in a time-series database, while the frontend visualizes moisture trends and system status. Automated notifications alert users when moisture thresholds are crossed to optimize water usage.;React, Node.js, Express, MongoDB, MQTT, Raspberry Pi with Soil Moisture Sensors, Chart.js;Frontend Development, Backend Development, IoT Integration
VetTrack: Animal Health Monitoring and Appointment Scheduling System;VetTrack is a platform that allows veterinary clinics to manage patient records, schedule appointments, and track animal vaccination history. The frontend offers an intuitive dashboard for vets and pet owners, while the backend manages appointment slots, medical data storage, and notification services via RESTful APIs.;"Frontend: React, Tailwind CSS; Backend: Node.js, Express, MongoDB; Notifications: Firebase Cloud Messaging";Frontend Development, Backend Development
FarmStand Inventory and Sales Management System;This web platform enables small-scale farmers to track crop inventory, manage sales orders, and monitor supply chain logistics in real time. The frontend provides an intuitive dashboard for inventory updates and order input, while the backend handles data storage, user authentication, and generates sales reports. Integration with Firebase Cloud Messaging supports push notifications for order status updates.;React, Node.js, Express, MongoDB, Firebase Cloud Messaging;Frontend Development, Backend Development, Cloud Computing
CropSense: Precision Irrigation Management System;CropSense integrates real-time soil moisture sensors with a web-based dashboard to optimize irrigation schedules for small to medium-scale farms. The backend aggregates sensor data to predict watering needs, while the frontend visualizes farm zones and allows manual overrides. The system enhances water efficiency by providing actionable irrigation insights based on live environmental data.;React.js, Node.js, Express, MongoDB, MQTT, Raspberry Pi, Soil Moisture Sensors, Docker;Frontend and Backend Development with IoT Integration
Smart Inventory Management System for Retail Stores;This system enables small retail stores to track real-time stock levels and sales through an integrated web dashboard. The backend handles product catalog management and sales analytics, while the frontend provides an intuitive interface for inventory updates and alerts when stock runs low. An IoT component manages automated shelf sensors to update stock status without manual input.;React, Node.js, Express, MongoDB, Raspberry Pi, MQTT, Docker;Frontend Development, Backend Development, IoT, Cloud Computing
Smart Fleet Maintenance Tracker;This system enables fleet managers to monitor vehicle maintenance schedules and predict part replacements using sensor data analysis. The frontend displays real-time status dashboards and alerts, while the backend processes IoT data feeds from onboard vehicle diagnostics and manages maintenance records. The platform facilitates upkeep planning and reduces downtime for logistics companies.;React, Node.js, MongoDB, Express.js, MQTT, Docker;Frontend Development, Backend Development, IoT Integration, Cloud Computing
CropSense: Precision Agriculture Monitoring System;A web platform integrating real-time IoT sensor data from soil moisture and ambient conditions to optimize irrigation schedules for farmers. The backend processes sensor inputs and generates actionable notifications, while the frontend visualizes field metrics and historic trends. Embedded microcontrollers collect data and transmit via MQTT protocol for seamless updates.;React, Node.js, Express, MongoDB, ESP32 microcontroller, MQTT, Chart.js;Frontend Development, Backend Development, IoT, Embedded Systems
ParcelTrack Pro;A web platform for logistics companies to manage parcel deliveries in real-time, integrating GPS tracking devices installed on delivery vans to monitor location and route efficiency. The system features a React dashboard showing live vehicle stats, backend APIs in Node.js with PostgreSQL for route and shipment management, and MQTT protocol to collect IoT data from the embedded GPS hardware.;React, Node.js, PostgreSQL, MQTT, GPS Embedded Devices, Docker;Frontend Development, Backend Development, IoT, Embedded Systems
Campus Road Traffic Monitoring and Alert System;A web platform that collects real-time traffic data from IoT sensors installed on campus roads, processing the data on a Node.js backend to provide live traffic conditions and generate alerts for congestion or accidents. The frontend built with React allows users to view traffic heatmaps, receive push notifications, and submit incident reports, optimizing campus transportation safety and flow.;React, Node.js, Express.js, MongoDB, MQTT, ESP32, Google Firebase Cloud Messaging;Frontend Development, Backend Development, Internet of Things (IoT), Cloud Computing
GreenField Urban Farming Supply Chain Tracker;A web platform designed to monitor and trace the entire supply chain of urban farm produce, providing real-time farm sensor data integration and delivery logistics tracking. Farmers input cultivation details and IoT sensor readings, while distributors update shipment status, ensuring supply transparency from seed to store. The backend processes IoT data streams and supports RESTful APIs for mobile frontend consumption.;React.js, Node.js with Express, MongoDB, MQTT protocol for IoT integration, Docker containerization;Frontend and Backend Development with IoT Integration
GreenRoute: Smart Delivery Fleet Management System;GreenRoute optimizes urban delivery logistics by tracking vehicle locations and environmental conditions in real time to minimize fuel consumption and route congestion. The system integrates a React frontend with a Node.js backend and leverages IoT sensors on vehicles to monitor emissions and engine status. Dispatchers plan deliveries through an interactive dashboard that adjusts routes based on live traffic data and sensor feedback.;React, Node.js, Express, MQTT, PostgreSQL, Mapbox API, Raspberry Pi (IoT sensors);Frontend Development, Backend Development, IoT Integration
AgriSense: Smart Crop Monitoring Dashboard;AgriSense is a web-based platform that collects real-time environmental data from sensor-enabled IoT devices deployed in agricultural fields to monitor soil moisture, humidity, and temperature. The backend ingests MQTT messages from the devices, stores time-series data in a NoSQL database, and provides analytics APIs. The frontend visualizes sensor data, alerts farmers on threshold breaches, and recommends irrigation schedules based on current conditions.;React, Node.js, Express, MongoDB, MQTT, Raspberry Pi sensors, Chart.js;Frontend Development, Backend Development, IoT
SmartFarm Crop Monitoring System;An integrated web platform that collects real-time environmental data from IoT sensor nodes deployed in crop fields, allowing farmers to monitor soil moisture, temperature, and light conditions remotely. The backend processes sensor inputs to provide threshold-based alerts and visualize trends, while the frontend dashboard offers interactive charts and control interfaces for irrigation scheduling.;React, Node.js, Express, MongoDB, MQTT, Raspberry Pi, DHT22 Sensors, Chart.js;Frontend Development, Backend Development, IoT
Smart Waste Collection Management System;This system enables municipal authorities to monitor and optimize waste collection routes using data from IoT-enabled smart trash bins. The frontend provides a dashboard for real-time bin status and route planning, while the backend processes sensor data to predict fill-level trends and schedule pickups efficiently.;React, Node.js, Express, MongoDB, MQTT, Arduino, AWS IoT Core;Frontend and Backend Development with IoT Integration
Smart Inventory Management System for Organic Farms;This system allows farm managers to monitor stock levels of seeds, fertilizers, and equipment using RFID tagging and a web dashboard. The backend provides real-time updates and reorder alerts based on predefined thresholds. The frontend offers interactive reporting and inventory audits accessible on desktop and mobile devices.;"Frontend: React, Tailwind CSS; Backend: Node.js, Express; Database: PostgreSQL; IoT: RFID readers with Arduino integration";Frontend Development, Backend Development, IoT Integration
Smart Inventory Management System for Small Pharmacies;Develop a web-based platform enabling pharmacists to track stock levels, expiration dates, and supplier orders in real-time. The backend manages transaction history and generates automatic reorder alerts based on configurable minimum thresholds. The frontend provides an intuitive dashboard with barcode scanning support and historical usage charts.;React.js, Node.js with Express, MongoDB, Firebase Cloud Messaging, ZXing (barcode scanning library);Full Stack Web Development
Smart Vineyard Monitoring and Irrigation System;This project implements a real-time vineyard field monitoring platform that collects soil moisture, temperature, and humidity data via LoRa-enabled sensors. The backend processes data to trigger adaptive irrigation schedules, optimizing water usage and preventing plant stress. The frontend visualizes sensor readings and irrigation status, allowing viticulturists to manage resources remotely through customized alert settings.;React, Node.js, Express, MongoDB, LoRaWAN modules, Docker;Frontend Development, Backend Development, IoT
Smart Waste Management System;This system monitors waste bin fill levels using embedded ultrasonic sensors and transmits data via MQTT to a backend server which schedules optimized collection routes. The frontend dashboard provides real-time visualization of bin statuses, analytics on waste patterns, and alert management for municipal operators.;React, Node.js, Express, MongoDB, Raspberry Pi, Ultrasonic Sensors, MQTT;Frontend Development, Backend Development, Embedded Systems, IoT
FarmPulse: IoT-Enabled Crop Monitoring and Alert System;FarmPulse is a web application that visualizes real-time soil moisture, temperature, and humidity from field-deployed sensors. The backend collects sensor data via MQTT, stores it in a time-series database, and triggers irrigation alerts when thresholds are breached. The frontend dashboard provides farmers with live status, historical trends, and device management controls.;React, Node.js, Express, MongoDB, MQTT, ESP32 microcontrollers, Docker;Frontend Development, Backend Development, IoT
Smart Aquaponics Farm Management System;This system integrates sensor data collection from IoT devices monitoring water quality and crop health in an aquaponics setup. The backend processes real-time telemetry to automate alerts and actuate pumps or feeders, while the frontend provides visualization dashboards and manual control interfaces for farm operators. User roles include farmers and agronomists who manage ecosystem balance and optimize yield through system notifications and detailed analytics.;React.js, Node.js with Express, MongoDB, Python for embedded data aggregation, MQTT for IoT communications, Raspberry Pi devices with sensors;Frontend Development, Backend Development, IoT
GreenFleet Monitoring and Route Optimization System;A web application that collects live GPS and environmental data from city buses to optimize routes enforcing emission reduction targets. The backend processes real-time telemetry over MQTT, analyzes vehicle emissions against route data, and provides actionable dashboard insights for fleet managers. Frontend offers interactive map visualization and dynamic route adjustment controls.;React, Node.js, Express, PostgreSQL, Mosquitto MQTT Broker, Mapbox GL, Docker;Frontend Development, Backend Development, IoT
Precision Irrigation Management System;This system enables farmers to monitor soil moisture and control irrigation remotely via a web app connected to embedded soil sensors. The backend processes real-time sensor data and schedules irrigation cycles to optimize water usage based on plant needs. The frontend displays sensor analytics and allows manual override of irrigation timing.;React, Node.js, Express, PostgreSQL, MQTT, Arduino, Soil Moisture Sensors;Frontend and Backend Development with Embedded Systems Integration
MedInventory Tracker;A web-based system allowing hospital staff to monitor and manage medical supply stock levels in real-time. The platform integrates barcode scanning via IoT-enabled devices to update inventory automatically and triggers alerts for low-stock items. User roles differentiate between pharmacists, nurses, and administrators with tailored access and reporting features.;React, Node.js, Express, MongoDB, MQTT, Raspberry Pi (for barcode IoT integration), JWT authentication;Frontend Development, Backend Development, Internet of Things
Smart Inventory Management for Urban Farmers;The system provides a web portal to monitor and manage crop stock levels and sales data for local urban farms. It integrates real-time RFID tracking to automate inventory updates and offers supply forecasting based on historical data. The backend exposes REST APIs for frontend dashboards and mobile alerts.;"Frontend: React, Redux; Backend: Node.js, Express, MongoDB; IoT: RFID sensors; Deployment: Docker, AWS EC2";Frontend & Backend Development with IoT Integration
Smart Parking Management System for Urban Areas;This system enables real-time monitoring and reservation of parking slots through a web interface. The backend handles slot availability using data from embedded IoT sensors, while the frontend provides interactive maps and booking feedback to drivers. It dynamically updates slot status and optimizes space utilization in congested city zones.;React, Node.js, Express, MongoDB, MQTT, Arduino, Raspberry Pi;Frontend and Backend Development with IoT Integration
FleetGuard: Real-Time Commercial Vehicle Health Monitoring;FleetGuard collects real-time diagnostic data from commercial vehicles through onboard OBD-II devices, transmitting information via MQTT to a backend that analyzes engine performance and detects anomalies. The web dashboard offers fleet managers live vehicle statuses, maintenance scheduling, and alert notifications. Frontend uses React with real-time WebSocket updates, while backend employs Node.js with PostgreSQL for data storage and Python scripts for diagnostics logic.;React, Node.js, Python, PostgreSQL, MQTT, WebSocket, Docker;Frontend Development, Backend Development, IoT
FarmSense: Smart Irrigation Management System;FarmSense integrates soil moisture sensors with a web dashboard that helps farmers optimize irrigation schedules. The frontend dashboard is built with React for real-time data visualization, while the backend employs Node.js and Express to process sensor data and control water pumps via MQTT. This system reduces water waste by automating irrigation based on actual soil conditions.;React, Node.js, Express, MQTT, MongoDB, Arduino Uno, Soil Moisture Sensors;Frontend Development, Backend Development, IoT Embedded Systems
Smart Supply Chain Tracker;A web platform that allows manufacturers and distributors to monitor shipment status in real time through IoT-enabled GPS devices attached to cargo containers. The system backend processes location data streams and forecasts estimated delivery times using time-series analysis. Frontend displays interactive route maps, alerts on delays, and inventory handover records for multiple user roles.;React, Node.js, Express, PostgreSQL, MQTT, Redis, Docker, Azure IoT Hub;Full-Stack Development with IoT Integration and Cloud Services
SmartWaste Bin Management System;Developed a sensor-integrated waste bin monitoring platform that collects fill-level data in real-time and alerts municipal services when bins require emptying. The web dashboard visualizes bin statuses across the city, optimizing collection routes and schedules based on occupancy trends.;React.js, Node.js, MongoDB, Express.js, ESP32 microcontroller, Ultrasonic sensors, MQTT protocol;Frontend and Backend Development with Embedded Systems and IoT Integration
FleetPulse: Real-Time Logistic Fleet Management System;FleetPulse provides transport companies with a web platform to monitor vehicle locations, status, and delivery schedules. The backend processes GPS data and alerts delays via notification queues while the frontend displays interactive maps and performance dashboards for dispatchers.;React, Node.js, Express, PostgreSQL, Socket.IO, Mapbox API;Full Stack Web Development
SmartCrop Monitoring and Irrigation System;This system collects real-time soil moisture and temperature data using IoT sensors deployed in agricultural fields. The backend analyzes data to automate irrigation schedules via a REST API, while the frontend provides farmers with live dashboards and manual control options. Alerts for critical conditions are generated and sent through SMS integration.;React.js, Node.js, Express, MongoDB, Arduino UNO, Soil Moisture and Temperature Sensors, Twilio API;Frontend Development, Backend Development, IoT, Embedded Systems, Cloud Integration
Clinic Scheduler and Teleconsultation Platform;Develop a full-stack application allowing patients to book and manage appointments with healthcare providers. The system integrates video calls for remote consultations using WebRTC and securely handles patient records with role-based access control. Backend services expose RESTful APIs using Node.js and store data in a PostgreSQL database.;React, Node.js, Express, PostgreSQL, WebRTC, JWT, Docker;Fullstack Web Development with Real-time Communication and Security
FleetGuard: Real-Time Vehicle Maintenance and Tracking System;FleetGuard integrates a web-based dashboard with backend services to monitor vehicle health and location for logistics companies. Frontend clients visualize real-time telemetry sent from embedded IoT devices installed in trucks, while the backend processes sensor data to predict maintenance needs and alert operators. The system enables scheduling repairs and analyzing route efficiency through historical data stored in a cloud database.;React, Node.js, MQTT, PostgreSQL, Docker, AWS IoT Core, Embedded C;Frontend Development, Backend Development, IoT, Embedded Systems, Cloud Computing
FleetTrack: Real-Time Fleet Management System;FleetTrack provides logistics companies with live tracking and route optimization for commercial vehicles using GPS and map APIs. The platform's frontend dashboard displays vehicle locations, status updates, and alerts, while its backend processes telemetry data and computes efficient routes based on traffic patterns. Drivers can receive instructions and report incidents through a mobile-responsive interface, improving operational control and reducing fuel consumption.;"Frontend: React, Leaflet.js; Backend: Node.js, Express, PostgreSQL; APIs: Mapbox, OpenStreetMap; Deployment: AWS EC2";Frontend and Backend Development with Cloud Deployment
Smart Fleet Maintenance Tracker;Develop a web application that connects to embedded OBD-II devices installed in commercial vehicles to monitor real-time engine diagnostics and predict maintenance needs. The backend processes streamed sensor data to trigger alerts and schedule service tasks, while the frontend provides fleet managers with overview dashboards and maintenance history. The system integrates Azure cloud functions for scalable data processing and uses MQTT protocol for IoT communication.;React, Node.js (Express), PostgreSQL, MQTT, Azure Functions, C (embedded), Docker;Frontend Development, Backend Development, IoT, Cloud Computing, Embedded Systems
SafeRoute: IoT-Enabled Hazard Detection for Urban Cyclists;SafeRoute integrates real-time sensor data from IoT devices mounted on bicycles to detect road hazards such as potholes or slippery surfaces. The frontend provides an interactive map visualizing safe and unsafe paths based on aggregated data, while the backend handles sensor data aggregation, alert management, and user routing. The system enables urban cyclists to plan safer routes and receive instant hazard notifications.;React.js, Node.js, Express, MongoDB, MQTT, Arduino, ESP32, Mapbox API;Frontend Development, Backend Development, IoT Embedded Systems
SmartWaste Tracker;A web-based platform for municipal waste management that tracks bin fill levels via IoT sensors and optimizes collection routes accordingly. The frontend visualizes real-time data and route plans for city workers, while the backend aggregates sensor inputs and runs scheduling algorithms. The system integrates MQTT-based communication with embedded Arduino devices in trash bins.;React, Node.js, Express, MongoDB, MQTT, Arduino, Raspberry Pi;Frontend Development, Backend Development, IoT, Embedded Systems
Smart Irrigation Control System;A web-based platform that enables farmers to monitor soil moisture data from Arduino-mounted sensors and schedule irrigation accordingly. The backend manages sensor data and adjusts watering cycles, while the frontend provides real-time status and history charts. Integration with AWS IoT Core facilitates secure communication between devices and cloud services.;React, Node.js, Express, MongoDB, Arduino, AWS IoT Core;Frontend Development, Backend Development, IoT, Cloud Computing
FleetTrack: Real-Time Vehicle Maintenance and Monitoring System;FleetTrack is a web application providing logistics companies with real-time tracking, predictive maintenance alerts, and fuel consumption analysis for fleet vehicles. The frontend dashboard visualizes vehicle status and location using Mapbox, while the backend aggregates IoT sensor data transmitted via MQTT from embedded telematics devices. Historical data is stored in PostgreSQL to support maintenance scheduling and reporting.;React, Node.js, Express, MQTT, PostgreSQL, Mapbox GL JS, Docker;Frontend Development, Backend Development, IoT Integration
FleetWatch: Real-Time Vehicle Maintenance and Tracking System;FleetWatch provides logistics companies with real-time tracking and predictive maintenance scheduling for their delivery trucks. The frontend dashboard shows live GPS data and sensor diagnostics, while the backend processes IoT data streams to forecast component failures and optimize routes. The system integrates with embedded OBD-II devices installed in vehicles for direct mechanical health monitoring.;React, Express.js, PostgreSQL, MQTT broker, Node.js, Docker, PostgreSQL TimescaleDB, OBD-II embedded devices;Frontend Development, Backend Development, IoT, Embedded Systems, Cloud Computing
Fleet Maintenance Scheduling and Monitoring System;This application enables fleet managers to schedule predictive maintenance tasks and monitor real-time vehicle diagnostics via an IoT-enabled backend. The system collects sensor data from embedded OBD-II devices on vehicles and processes it to generate maintenance alerts and optimize service intervals. Frontend dashboards provide an interactive interface for task assignment and status tracking, enhancing operational uptime.;React, Node.js, Express, PostgreSQL, MQTT, Raspberry Pi with OBD-II sensors, Docker;Frontend Development, Backend Development, Embedded Systems, IoT
SmartParking Management System;This web-based platform enables real-time tracking and reservation of parking spaces at urban facilities. The backend manages space availability using sensor data ingested via MQTT, while the frontend offers dynamic maps and booking interfaces. Payment processing and admin analytics dashboards are also integrated to optimize lot utilization.;React, Node.js, Express, MongoDB, MQTT, Docker, Stripe API;Frontend Development, Backend Development, IoT Integration, Cloud Computing
SmartCrop Monitor;A precision agriculture platform that collects soil moisture and temperature data using IoT sensors, enabling farmers to monitor crop conditions via a web dashboard. The backend processes real-time data streams to trigger irrigation alerts and historical trend analytics. The frontend provides interactive maps and customizable threshold settings for field zones.;React, Node.js, Express, MongoDB, MQTT, Arduino, DHT22 sensors, Docker;Frontend Development, Backend Development, IoT
Smart Parking Management System;Develop a web application that allows users to locate and reserve parking spots in real-time via a front-end React interface. The backend, built with Node.js and MongoDB, handles dynamic availability updates and reservation logic. The system integrates with embedded ultrasonic sensors to detect spot occupancy and relays data using MQTT protocol for instant notifications.;React, Node.js, Express, MongoDB, MQTT, Arduino Ultrasonic Sensors;Frontend Development, Backend Development, Embedded Systems, IoT
FarmGrid: IoT-Based Precision Irrigation Management System;FarmGrid integrates soil moisture sensors connected via LoRaWAN to a backend that analyzes real-time data and schedules irrigation accordingly. The frontend dashboard provides farmers with precise control and visualization tools for water usage over their plots, optimizing agricultural efficiency. Alerts and historical data analytics help anticipate crop water needs and detect irrigation anomalies.;React, Node.js, Express, MongoDB, LoRaWAN modules, MQTT broker, Docker;Frontend Development, Backend Development, IoT Systems
FleetMaster: Real-time Fleet Tracking and Maintenance Scheduler;FleetMaster is a web application designed for logistics companies to monitor vehicle locations via GPS and schedule predictive maintenance based on usage data. The frontend offers live map tracking with interactive vehicle status, while the backend processes telematics data and triggers maintenance alerts based on mileage thresholds and sensor inputs. A REST API communicates between frontend and backend, ensuring low-latency updates for fleet dispatchers.;React, Node.js, Express, MongoDB, Socket.IO, Google Maps API, PostgreSQL;Frontend Development, Backend Development, IoT Telemetry Integration
Precision Greenhouse Monitoring and Control System;This system enables real-time monitoring and automated climate control inside a commercial greenhouse. It collects data from IoT sensors for temperature, humidity, and soil moisture, which the backend processes to adjust actuators like vents and irrigation. Growers can access live dashboards and control settings via a responsive web app, optimizing plant growth conditions remotely.;React, Node.js, Express, MongoDB, MQTT, Raspberry Pi, DHT22 and Soil Moisture Sensors, Docker;Frontend Development, Backend Development, IoT
SmartInventory: IoT-Enabled Inventory Management for Cold Storage;An integrated system that monitors temperature and humidity in cold storage using IoT sensors, allowing warehouse staff to view real-time environmental data and inventory status via a web dashboard. The backend handles sensor data ingestion, thresholds alerts for spoilage risk, and maintains product tracking with batch and expiry details.;React, Node.js, Express, MongoDB, MQTT, Raspberry Pi, DHT22 Sensor;Frontend and Backend Development, Internet of Things
FarmTrack: IoT-Enabled Crop Monitoring and Management System;FarmTrack integrates sensor data from soil moisture, temperature, and humidity devices to provide real-time analytics through a web dashboard. Backend aggregates IoT data using MQTT brokers and offers farm-level insights to optimize irrigation scheduling and fertilizer application.;React, Node.js, Express, MongoDB, MQTT, Raspberry Pi, DHT22 sensors, AWS EC2;Frontend Development, Backend Development, IoT
Smart Inventory Management System for Warehouse Operations;A web application that tracks inventory levels in real-time using barcode scanning and integrates with RFID readers for automatic stock updates. Frontend enables warehouse staff to monitor stock, generate shipment reports, and receive restock alerts, while backend manages database synchronization and user authentication. The system incorporates role-based access control for secure multi-user management.;React, Node.js, Express, MongoDB, Socket.IO, RFID Integration SDK, JWT;Frontend Development, Backend Development, IoT Integration, Cybersecurity
Smart Inventory Control for Urban Vertical Farms;This system enables real-time monitoring and automated restocking alerts for hydroponic crop inventories across multiple vertical farm sites. The frontend displays current stock levels and crop status, while the backend handles data aggregation and threshold-based notifications. Integration with IoT sensors allows tracking nutrient solution levels and temperature impacting inventory turnover.;React, Node.js (Express), MongoDB, MQTT, Raspberry Pi sensors;Fullstack Development with IoT integration
SmartWaste Management Platform;A web-based application that monitors waste container levels in real-time using IoT sensor data and optimizes collection routes for municipal workers. The frontend provides live status dashboards and route adjustments, while the backend processes incoming sensor data and applies route optimization algorithms. It supports notifications for overflow alerts to reduce operational costs and improve service efficiency.;React.js, Node.js, Express, MongoDB, MQTT, Docker, Mapbox API;Frontend Development, Backend Development, IoT Integration, Cloud Computing
SmartAquaponics Monitoring and Automation Platform;This system provides real-time monitoring and automated control for aquaponics farms by integrating sensor data to manage water quality parameters like pH, temperature, and nutrient levels. Users can remotely adjust environmental controls and receive anomaly alerts via the web interface. The backend processes sensor data streams and orchestrates actuator commands to optimize plant and fish health.;React, Node.js, Express, MongoDB, MQTT, AWS IoT Core, Docker;Frontend and Backend Development with IoT Integration
GreenFleet: Smart Fleet Management for Electric Vehicles;An integrated platform enabling logistics companies to monitor and optimize their electric vehicle fleet performance. The system tracks vehicle telemetry via embedded IoT sensors and provides route optimization and maintenance alerts through a responsive web dashboard. Backend services aggregate sensor data, predict battery health, and schedule charging to improve operational efficiency.;React, Node.js, PostgreSQL, Express, MQTT, Raspberry Pi, Docker, Grafana;Frontend Development, Backend Development, IoT Embedded Systems, Cloud Computing
SmartGreenhouse Control and Monitoring System;This project develops a web application for remote monitoring and automated control of greenhouse environmental conditions. It integrates sensor data collected via Arduino-based embedded devices and feeds it to a Node.js backend, enabling real-time visualization and actuator management through a React frontend. Alerts and system logs help maintain optimal growth parameters and detect hardware anomalies.;React, Node.js, Express, MongoDB, Arduino, MQTT, Docker;Frontend Development, Backend Development, Embedded Systems, IoT
Smart Inventory Control for Artisan Bakeries;This web-based platform enables bakery owners to track ingredient stock levels in real-time, predict consumption patterns using time-series data, and automate reorder notifications. It supports multi-location inventory management with role-based access and integrates temperature sensor data via MQTT for monitoring storage conditions. The backend uses Node.js with Express for REST API implementation, and the frontend is built with React and Redux to manage complex state across components.;Node.js, Express, React, Redux, MongoDB, MQTT, Docker;Full-Stack Development with IoT Integration
GreenTrack: Urban Tree Health Monitoring System;GreenTrack provides city arborists with a web platform to monitor the health status of urban trees using sensor data. The system aggregates soil moisture, ambient temperature, and air quality from IoT-enabled sensors installed on street trees, displaying alerts for maintenance needs. Frontend visualizes geospatial data and trends, while the backend manages sensor integration, data storage, and real-time analytics.;React, Node.js, Express, MongoDB, MQTT, Raspberry Pi with environmental sensors;Frontend Development, Backend Development, IoT
Smart AgriSense: IoT-based Crop Monitoring and Alert System;Smart AgriSense integrates sensor data from soil moisture, temperature, and humidity to provide real-time crop health monitoring. The system enables farmers to remotely track field conditions via a web dashboard and receive automated irrigation and fertilization alerts. Backend APIs aggregate IoT device telemetry, while the frontend visualizes trends and warnings dynamically.;React, Node.js, Express, MongoDB, MQTT, Raspberry Pi with soil and environmental sensors, Docker;Frontend Development, Backend Development, IoT
MediTrack: Remote Medication Adherence Monitoring System;MediTrack enables healthcare providers to monitor patient medication intake schedules via a web dashboard. The system includes a mobile app interface for patients to confirm doses and a backend API to log and analyze adherence patterns, generating alerts for missed medications. Integration with Bluetooth-enabled pillboxes ensures automatic recording of dosage events.;React Native, Node.js, Express.js, MongoDB, Bluetooth Low Energy (BLE) integration, Docker;Frontend Development, Backend Development, IoT Integration
SmartPark Management System;A web platform that allows city officials to monitor and manage urban parking spaces in real-time. The system integrates with IoT sensors placed in parking spots to provide live availability data, and drivers can reserve slots through the frontend interface. Backend services handle sensor data ingestion, user management, and reservation logic.;React, Node.js, Express, MongoDB, MQTT, Raspberry Pi with ultrasonic sensors;Frontend Development, Backend Development, IoT Integration
Smart Municipal Waste Collection Dashboard;This system integrates sensor data from IoT-enabled waste bins to optimize collection routes via a backend aggregation server and mapping API. The frontend visualizes real-time bin statuses and route suggestions for municipal operators. The backend processes sensor data streams, predicts fill-level trends, and schedules pickup jobs.;React.js, Node.js, PostgreSQL, MQTT, Mapbox API, Docker;Frontend Development, Backend Development, IoT Integration
Urban Waste Management Monitoring System;This project integrates IoT sensors installed in city waste bins to monitor fill levels in real-time. The backend collects and processes this data, optimizing collection routes via a web dashboard used by municipal waste teams. The frontend visualizes bin statuses, route suggestions, and collection schedules.;Frontend: React.js, Backend: Node.js with Express, Database: PostgreSQL, IoT: Arduino with ultrasonic sensors, GIS mapping API;Frontend Development, Backend Development, IoT Systems, Cloud Computing
SmartHydroFarm Management System;This system enables urban hydroponic farm operators to monitor nutrient levels, pH, and water temperature via real-time sensors. Frontend dashboards allow users to track environmental data and control pumps and lights remotely, while the backend processes sensor data, manages device schedules, and triggers alerts. The solution integrates with Bluetooth-enabled IoT devices for seamless data acquisition and actuation.;React, Node.js (Express), MongoDB, Raspberry Pi with Python scripts, MQTT broker;Frontend Development, Backend Development, IoT Integration
SmartBridge Inventory Management System;A cloud-based platform that enables construction companies to track equipment and materials across multiple sites in real-time. The backend handles GPS data integration and inventory status updates, while the frontend provides interactive dashboards and reporting tools for project managers.;React, Node.js, PostgreSQL, AWS Lambda, Mapbox API;Full Stack Development
Precision Vineyard Environment Control System;The system monitors and manages microclimate variables in vineyards by integrating sensor data to adjust irrigation and shading mechanisms automatically. Frontend provides real-time dashboards and configuration interfaces for agronomists, while backend processes IoT sensor inputs and controls actuators via MQTT. Alerts for adverse conditions like frost risk or irrigation anomalies are generated to optimize grape yield.;React, Node.js, Express, MongoDB, Raspberry Pi with DHT22 sensors, MQTT, Docker;Frontend Development, Backend Development, IoT
SmartInventory: IoT-Enabled Warehouse Stock Monitoring System;SmartInventory integrates IoT sensors with a web platform to track real-time stock levels and environmental conditions in warehouses. The frontend provides dynamic dashboards for inventory visualization and alerts, while the backend manages sensor data storage and processes threshold-based notifications. Raspberry Pi devices collect data from RFID tags and temperature sensors to ensure product integrity.;React, Node.js, Express, MongoDB, MQTT, Raspberry Pi, RFID Reader, DHT22 Sensor;Frontend and Backend Development with IoT Integration
SmartAquifer Monitoring System;A web-based platform that provides real-time monitoring of groundwater levels using embedded IoT sensors deployed in aquifers. The backend aggregates sensor data and triggers alerts for threshold breaches, while the frontend displays dynamic charts and maps for water resource managers. A role-based access control system manages different user permissions for data viewing and sensor maintenance.;React, Node.js, Express, MongoDB, Raspberry Pi, DS18B20 sensors, MQTT, Docker;Frontend Development, Backend Development, IoT Integration
Smart Irrigation Control System;"A web platform paired with ESP32-based soil moisture sensors to automate irrigation schedules for small farms. The backend collects sensor data and controls watering valves via MQTT; the frontend provides real-time monitoring, manual override, and historical water usage analytics.";React, Node.js, Express, MongoDB, MQTT, ESP-IDF, C++;Frontend Development, Backend Development, IoT, Embedded Systems
AgroSense: Precision Irrigation Management System;AgroSense enables farmers to monitor soil moisture and control irrigation scheduling through a web dashboard. It collects sensor data from embedded soil moisture nodes using MQTT, performs backend data aggregation and alerts in Node.js, and provides real-time visualizations with React. The system automates irrigation based on threshold values, optimizing water usage.;React, Node.js, Express, MQTT, MongoDB, PostgreSQL, ESP32, Docker;Frontend Development, Backend Development, IoT, Embedded Systems, Cloud Computing
Smart Irrigation Management System;This system collects real-time soil moisture and weather data via IoT sensors to optimize watering schedules for agricultural fields. The frontend provides farmers with an interactive dashboard displaying soil status and irrigation history, while the backend processes sensor inputs and controls automatic water valves accordingly. Data communication uses MQTT protocol with Node.js server handling device integration and REST APIs.;React, Node.js, Express, MongoDB, Raspberry Pi, Soil Moisture Sensors, MQTT;Frontend & Backend Development with IoT Integration
Smart Hydroponic Farm Monitor;A web-based platform that enables remote monitoring and control of hydroponic farms by aggregating sensor data such as pH, nutrient levels, and water temperature. The backend processes real-time sensor inputs via MQTT to alert users about critical conditions, while the frontend visualizes data trends and allows farmers to adjust growth parameters dynamically.;"Frontend: React, Chart.js; Backend: Node.js, Express, MQTT broker; Database: MongoDB; IoT: ESP32 microcontrollers with environmental sensors";Frontend Development, Backend Development, IoT Integration
Smart Waste Management and Pickup Scheduler;Develop a platform allowing residents to schedule waste pickups based on real-time bin fullness detected by embedded sensors. The system aggregates sensor data to optimize route planning and provides municipal workers with a mobile dashboard for efficient collection. Frontend interfaces include a responsive web app for users and a mobile app for staff, while the backend handles data processing, scheduling algorithms, and notifications.;React, Node.js, Express, MongoDB, MQTT, Arduino, GPS APIs;Frontend and Backend Development with Embedded Systems Integration
Smart Inventory and Waste Reduction System for Urban Grocery Stores;The system tracks perishable product stock levels using IoT-connected shelf sensors and provides real-time restock alerts through a web interface. Backend processes analyze consumption patterns to predict demand and notify managers to optimize ordering, minimizing waste and improving profit margins.;React, Node.js with Express, MongoDB, Raspberry Pi with weight sensors, MQTT broker;Frontend and Backend Development, IoT Integration
Smart Inventory Management for Organic Farm Produce;A web-based platform enabling small organic farms to track real-time stock levels, batch origin, and expiration dates of their produce. The backend uses Node.js with MongoDB for supply logging and batch analytics, while the frontend is built with React to visualize inventory trends and generate restocking alerts. IoT sensors integrated via Raspberry Pi monitor environmental conditions, feeding data to optimize storage recommendations.;React, Node.js, Express, MongoDB, Raspberry Pi, MQTT;Frontend Development, Backend Development, IoT
Agriviz: Smart Greenhouse Monitoring and Control System;Agriviz is an integrated platform that enables farmers to monitor and control greenhouse conditions remotely in real-time. It collects environmental data from IoT sensors deployed in greenhouses, allowing users to adjust parameters like humidity, temperature, and lighting through a web interface. The backend aggregates sensor data and manages control commands using a RESTful API, while the frontend visualizes trends and alerts for optimized crop growth.;React.js, Node.js, Express, MongoDB, MQTT, Arduino, DHT22 sensors, Raspberry Pi;Frontend Development, Backend Development, IoT
AgriWeather: Precision Microclimate Monitoring for Urban Rooftop Farms;AgriWeather provides real-time monitoring and prediction of microclimate conditions on urban rooftop farms using a network of IoT sensors. The backend processes sensor inputs to alert farmers about imminent risks like frost or drought stress, and the frontend visualizes data trends and customized mitigation recommendations. The system optimizes crop care schedules by integrating localized weather patterns and sensor data.;React, Node.js, MongoDB, MQTT, ESP32 (IoT sensors), Express.js, D3.js;Frontend and Backend Development with IoT Integration
FleetSync: Real-Time Delivery Drone Management System;FleetSync enables logistics companies to schedule, monitor, and control a fleet of delivery drones through a web portal. The frontend offers live telemetry visualization and alerting, while the backend processes telemetry data and manages flight plans via MQTT and REST APIs. It incorporates embedded system data integration with drone hardware and secure user authentication.;React, Node.js (Express), MongoDB, MQTT, Docker, JWT, Arduino, Raspberry Pi;Frontend Development, Backend Development, Embedded Systems, Cybersecurity
SmartFleet Maintenance Scheduler;A web-based platform that monitors vehicle telematics data and schedules predictive maintenance for commercial truck fleets. The backend processes real-time IoT sensor inputs to trigger service alerts, while the frontend provides fleet managers with dashboards to track maintenance status and upcoming tasks.;React, Node.js, Express, MongoDB, MQTT, Docker, Grafana;Frontend and Backend Development with IoT Integration
Smart Energy Consumption Monitoring Platform;This system collects real-time electricity usage data from IoT-enabled smart meters installed in residential units and visualizes consumption trends on a responsive web dashboard. Users can monitor their energy usage, receive customized tips for reduction, and set threshold alerts. The backend handles data ingestion, storage, and processes analytics to provide users with actionable insights.;"Frontend: React.js, Chart.js; Backend: Node.js, Express.js, MongoDB; IoT: ESP32, MQTT protocol";Frontend Development, Backend Development, IoT Integration
Smart Indoor Air Quality Monitoring and Alert System;This project creates a web-based platform combined with embedded sensor nodes to monitor indoor air parameters such as CO2, VOCs, and humidity in real-time. Data collected by microcontroller-connected sensors is sent via MQTT to a backend server, where trends are analyzed and alerts are generated for occupants through a responsive frontend dashboard. Users can view historic data, configure threshold levels, and receive maintenance notifications for sensor calibrations.;React, Node.js with Express, MQTT, PostgreSQL, ESP32, DHT22/VOC sensors, Docker;Frontend Development, Backend Development, IoT, Embedded Systems
UrbanFleet: Smart Vehicle Allocation and Monitoring System;This system manages real-time allocation of a city’s shared electric scooters, optimizing distribution based on usage patterns and battery status. The frontend offers an interactive map for users to locate and reserve scooters. The backend aggregates IoT sensor data from vehicles and computes availability and maintenance schedules.;React, Node.js, MongoDB, MQTT, Python Flask, Redis;Frontend Development, Backend Development, IoT Integration
GreenFarm: Smart Irrigation Management System;GreenFarm automates irrigation scheduling based on real-time soil moisture and weather data to optimize water use on medium-scale crop farms. The frontend provides farmers with a dashboard to monitor sensor data and control irrigation valves remotely. The backend aggregates IoT sensor inputs and weather APIs to generate irrigation commands using threshold logic.;React, Node.js, Express, MongoDB, MQTT, Arduino, Soil Moisture Sensors, OpenWeather API;Frontend Development, Backend Development, IoT Embedded Systems
AgriSense: Real-time Farm Environment Monitoring;AgriSense collects data from soil moisture, temperature, and humidity sensors connected through Raspberry Pi devices deployed on farms. The system stores data in a PostgreSQL database, enabling farmers to visualize environmental conditions via a React-based dashboard and receive automated alerts for irrigation needs. Express.js handles RESTful APIs for sensor data ingestion and user management.;Frontend: React, Backend: Node.js with Express, Database: PostgreSQL, IoT: Raspberry Pi with DHT22 and soil moisture sensors, Communication: MQTT broker for sensor data transmission;Full-stack Development with IoT Integration
SmartWaste: IoT-Enabled Urban Waste Management System;SmartWaste integrates sensor-equipped waste bins with a web dashboard to monitor fill levels in real time. The system optimizes waste collection routes based on bin status data collected from embedded ultrasonic sensors connected via LoRaWAN. Users include municipal waste operators who schedule pickups and analyze historical collection efficiency through the backend analytics module.;"Frontend: React.js, Mapbox GL JS; Backend: Node.js, Express, MongoDB; Embedded: ESP32 with ultrasonic sensors; Connectivity: LoRaWAN; Hosting: AWS EC2";Full-Stack IoT Development
SmartInventory: RFID-enabled Warehouse Management System;SmartInventory provides real-time tracking and management of warehouse stock using an RFID reader network integrated through IoT devices. The frontend offers live inventory visualization, alerts, and order controls, while the backend manages data storage and synchronization across RFID sensors to ensure accurate stock levels. Automated RFID scanning reduces manual errors and optimizes restocking workflows for warehouse operators.;React, Node.js, Express, MongoDB, MQTT, Raspberry Pi with RFID modules;Frontend Development, Backend Development, IoT
Smart Inventory Management for Art Galleries;This system allows galleries to track, manage, and display their art collections with real-time status updates and reservation tracking. The backend provides a secure REST API with user roles for curators and clients, while the frontend offers dynamic visualization of artworks and inventory changes. Integration with IoT RFID tags enables automatic check-in and check-out of exhibits.;React, Node.js, Express, MongoDB, MQTT, RFID sensors, Docker;Full-Stack Development, IoT Integration
SmartFishFarm Monitoring and Control System;A web application for aquaculture managers to monitor water parameters (pH, temperature, dissolved oxygen) using IoT sensors in real-time. The backend processes sensor data and triggers alerts or automated control of aerators and feeders to maintain optimal fish conditions. The frontend offers dynamic dashboards with live charts and system status.;"Frontend: React, D3.js; Backend: Node.js, Express, MQTT broker; Database: PostgreSQL; IoT: ESP32 microcontrollers with environmental sensors; Deployment: Docker, AWS EC2";Frontend Development, Backend Development, IoT Integration, Cloud Computing
GreenFleet Manager: IoT-Enabled Urban Electric Vehicle Monitoring System;GreenFleet Manager tracks real-time sensor data from urban electric delivery vehicles via embedded IoT modules installed on each fleet unit. The backend processes telemetry to detect battery health, energy consumption, and maintenance needs, while the frontend dashboard visualizes live route status and alerts fleet managers to optimize operations.;ReactJS, Node.js with Express, MongoDB, MQTT protocol, ESP32 microcontrollers, Docker, Grafana for telemetry visualization;Frontend Development, Backend Development, IoT Embedded Systems, Cloud Computing
FleetPath: Real-time Vehicle Maintenance & Tracking System;FleetPath enables logistics companies to monitor vehicle health through IoT sensors, offering real-time diagnostics and maintenance scheduling. The web interface provides live tracking data, alert management, and service history for fleet managers. Backend services process sensor streams, triggering alerts based on predefined thresholds and vehicle usage patterns.;React.js, Node.js (Express), PostgreSQL, MQTT, Raspberry Pi, Docker, Grafana;Internet of Things & Full Stack Web Development
Smart Inventory Management for Urban Farming;The system tracks growth metrics and resource usage of hydroponic plants in real-time via sensor data integration. Frontend dashboards provide visual insights and alerts while the backend processes and stores environmental data. Users, urban farmers, can optimize water and nutrient supply schedules through manual adjustments and automated recommendations.;React, Node.js, Express, MongoDB, MQTT, Arduino Uno, DHT22 sensors;Frontend Development, Backend Development, IoT
SmartCrop: Precision Agriculture Monitoring Platform;SmartCrop integrates frontend and backend components to deliver real-time crop health analytics using IoT sensor data. The system collects soil moisture, temperature, and humidity through embedded Arduino devices and visualizes trends via a React web dashboard. Node.js handles API data ingestion and storage on MongoDB, enabling farmers to adjust irrigation schedules and optimize yield efficiently.;React, Node.js, Express, MongoDB, Arduino, MQTT, Chart.js;Frontend Development and Backend Development with Embedded Systems and IoT Integration
UrbanWasteTrack - Smart City Waste Collection Optimizer;The system aggregates real-time fill-level data from IoT sensors on waste bins across a city to optimize collection routes dynamically. The frontend facilitates route visualization and manual overrides for operators, while the backend handles sensor data ingestion, route recalculations, and operator notifications. It increases efficiency by reducing fuel use and collection time based on live waste accumulation patterns.;React, Node.js, MongoDB, MQTT, Docker, Leaflet.js, Express.js;Frontend Development, Backend Development, IoT Integration, Cloud Computing
FleetGuard Logistics Tracking System;This system provides real-time tracking and route optimization for freight vehicles using a web dashboard and backend API. The backend processes GPS data streaming from telematics devices embedded in trucks, optimizing deliveries and alerting for deviations or maintenance needs. Users manage fleet schedules, monitor ongoing shipments, and receive automated reports on logistics performance.;React, Node.js, Express, PostgreSQL, MQTT, Docker, Google Maps API;Frontend Development, Backend Development, IoT Integration
Smart Greenhouse Climate Controller;This system enables remote monitoring and control of greenhouse environmental parameters such as temperature, humidity, and soil moisture. The frontend dashboard displays real-time sensor data and allows scheduling of irrigation and ventilation systems, while the backend provides RESTful APIs to manage the device states and stores historical data for analysis. An ESP32-based embedded device collects sensor data and actuates relays through MQTT communication.;React, Node.js (Express), MongoDB, MQTT, ESP32, DHT22/HX711 sensors, Docker;Frontend Development, Backend Development, Embedded Systems, IoT
FleetViz: Real-Time Fleet Management and Route Optimization System;FleetViz provides logistics companies with a web interface to monitor vehicle locations, manage driver assignments, and optimize delivery routes using traffic data. The backend ingests GPS data via RESTful APIs and computes efficient trip plans with integrated historical traffic patterns. Fleet managers use a responsive dashboard with live status updates and analytics for operational decision-making.;React, Node.js with Express, PostgreSQL, Mapbox APIs, Docker, Nginx;Full Stack Web Development with Cloud and GIS Integration
Smart Waste Sorting and Collection System;This system automates waste categorization and optimizes collection routes by integrating IoT-enabled bins with a web portal. Users submit sorting issues via the frontend dashboard, while backend algorithms process sensor data to trigger notifications and schedule pickups. The platform aids municipal service optimization and environmental management.;React.js, Node.js, Express, MongoDB, MQTT, Raspberry Pi, Ultrasonic Sensors, Google Maps API;Frontend Development, Backend Development, IoT Integration, Cloud Computing
ShelfTrack Inventory Management System;"A web application for small retailers to monitor stock levels in real-time by integrating barcode scanning and automated restock alerts. The backend uses a REST API to update inventory data stored in a PostgreSQL database; the frontend provides dynamic dashboards for sales and stock analytics. User authentication and role-based access ensure secure management by store owners and staff.";React, Node.js, Express, PostgreSQL, ZXing barcode scanner library, JWT, Docker;Frontend and Backend Development
Smart Aquaponics Monitoring and Control System;Develop a full-stack web platform that collects sensor data from an IoT-enabled aquaponics setup, enabling remote monitoring and automated adjustments of water parameters like pH and temperature. The backend ingests real-time data via MQTT and implements control algorithms to actuate pumps and aerators through microcontrollers. The frontend visualizes live sensor metrics, historical trends, and allows manual override of actuators.;React.js, Node.js with Express, MongoDB, MQTT broker, Raspberry Pi, Arduino, DHT22 sensors, pH sensor modules, Docker;Frontend Development, Backend Development, IoT, Embedded Systems
Smart Inventory Management for Urban Farmers;This web-based platform enables urban farmers to track crop inventory, monitor supply consumption, and predict reorder schedules. The backend exposes RESTful APIs handling dynamic stock levels, while the frontend offers real-time updates using React. Integration with NFC tags allows seamless identification of harvested goods through portable readers.;React, Node.js, Express, MongoDB, NFC Reader SDK;Full Stack Development with IoT Integration
Smart Inventory Control for Urban Delivery Locker Systems;This system manages real-time stock levels and automated locker allocations based on delivery time windows and item size compatibility. Frontend provides dynamic maps and locker status monitors for delivery personnel, while the backend orchestrates pick-up authorization and inventory updates. Integration with MQTT protocol enables IoT sensors embedded in lockers to report door status and environmental data for secure storage.;React.js, Node.js, Express, MongoDB, MQTT, Raspberry Pi, Docker;Frontend and Backend Development with IoT Integration
RosterLink: Shift Scheduling and Attendance System for Healthcare Workers;RosterLink provides an intuitive web interface for hospital administrators to assign shifts and monitor attendance of healthcare staff. The backend manages shift swaps, generates work-hour reports, and integrates biometric device logs to ensure accurate attendance tracking. Real-time notifications are sent to employees for changes in their schedules.;React, Node.js, Express, MongoDB, Firebase Cloud Messaging, REST API, Docker;Frontend Development, Backend Development, Cloud Computing
FarmPredict: Crop Yield Monitoring and Forecasting;A web application that collects sensor data from deployed soil moisture and weather IoT devices to monitor crop health in real time. The system provides frontline farmers with analytics and yield predictions using a backend built on Node.js with time-series databases and a React-based frontend for visualization and alerts.;"Frontend: React, Chart.js; Backend: Node.js, Express.js, InfluxDB; IoT: Arduino with soil moisture sensors; Deployment: AWS EC2";Frontend Development, Backend Development, IoT, Cloud Computing
FleetMate: Real-Time Commercial Vehicle Maintenance Tracker;FleetMate is a web platform that allows fleet managers to monitor vehicle diagnostics and schedule maintenance by aggregating telemetry data from each truck. The frontend offers dashboards for vehicle status, work orders, and alerts, while the backend processes data collected via embedded OBD-II IoT devices using RESTful APIs. It ensures timely interventions to reduce downtime and operational costs for logistics companies.;React, Node.js, Express, MongoDB, MQTT, ESP32 with OBD-II Interface, Docker;Full-Stack Development with Embedded Systems for Fleet Management
Smart Inventory Management for Art Supply Stores;A web application that helps art supply stores track product stock levels, supplier info, and sales analytics in real-time. The backend automatically generates reorder alerts based on predefined thresholds while the frontend provides dashboards for inventory visualization and order management. It integrates barcode scanning to update stock seamlessly during product intake and sales.;React, Node.js, Express, MongoDB, REST API, HTML5, CSS3, WebSocket, Barcode Scanner API;Frontend Development, Backend Development
FleetWatch: Urban Delivery Fleet Management System;FleetWatch is a web application designed to optimize last-mile delivery operations by tracking vehicle statuses and driver performance in real time. The frontend enables dispatchers to assign tasks, monitor routes, and view live updates on deliveries, while the backend processes GPS data and manages task scheduling. The system integrates with public transit APIs to analyze traffic patterns for route optimization, enhancing operational efficiency in courier services.;React, Node.js, Express, PostgreSQL, Redis, Mapbox API, Docker;Frontend Development, Backend Development, Cloud Computing
Smart Warehouse Inventory Management System;This web application allows warehouse managers to track and update stock levels in real-time using barcode scanning. The backend exposes RESTful APIs for inventory data operations, while the frontend provides dashboards for analytics and alerts on low stock. The system integrates with a handheld IoT barcode scanner over Bluetooth to automate input.;React, Node.js, Express, MongoDB, Raspberry Pi (IoT barcode scanner integration), Web Bluetooth API;Full Stack Development with IoT Integration
Smart Inventory Tracker for Urban Farmers;Develop a web-based system that allows small urban farms to monitor stock levels of seeds, fertilizers, and produce in real-time. The backend manages user roles and inventory data, while the frontend offers responsive dashboards and alert settings. Integration with QR code scanning simplifies item updates and tracking.;React, Node.js, Express, MongoDB, QR Code API;Full Stack Development
Smart Irrigation Management System;The system collects soil moisture and temperature data via IoT sensors to optimize water usage for farms. Frontend provides a dashboard for real-time monitoring and manual override, while the backend processes sensor inputs and schedules irrigation cycles. Embedded microcontrollers interface with valves and pumps, enabling automated watering based on predefined thresholds.;React.js, Node.js, Express, MongoDB, Arduino, MQTT, Docker;Frontend Development, Backend Development, IoT, Embedded Systems
ClearPath Transit Management System;A web platform that allows city traffic agencies to monitor and manage public bus fleets in real time. It collects GPS data from buses via IoT devices, displaying their locations and delays on a live map. The backend enables schedule optimization and sends automated rider notifications through APIs.;React, Node.js, Express, MongoDB, MQTT, Docker, Mapbox API;Frontend Development, Backend Development, IoT Integration, Cloud Computing
FleetSense: Real-Time Cargo Fleet Monitoring and Scheduling;FleetSense is a web application designed to monitor and optimize cargo truck fleets in logistics companies. The backend processes real-time GPS and sensor data to track vehicle statuses and sends alerts for maintenance needs. The frontend offers dashboard views for dispatchers to assign routes and analyze delivery performance metrics.;React, Node.js, Express, MongoDB, Socket.IO, Google Maps API;Full-Stack Web Development with Real-Time Data Integration
AquaTrack: Smart Aquarium Monitoring and Control System;A web-based platform integrated with IoT sensors to monitor water quality parameters in home aquariums. The system provides real-time data visualization, automatic alerts on parameter deviations, and remote activation of filtration and lighting devices. Backend collects and stores sensor data while frontend delivers user controls and history analytics.;React, Node.js, Express, MongoDB, MQTT, ESP32 microcontroller, REST APIs;Frontend Development, Backend Development, IoT Embedded Systems
Smart Inventory Management System for Cold Storage Warehouses;This project develops a web application that tracks perishable goods within cold storage environments through RFID sensor integration. The backend manages real-time inventory status, expiry monitoring, and automated restocking alerts, while the frontend visualizes stock levels and environmental conditions. The system enhances storage efficiency by predicting spoilage and scheduling timely dispatches.;React, Node.js, Express, MongoDB, MQTT, Raspberry Pi with RFID reader, Docker;Fullstack Development with Embedded Systems Integration
Smart Irrigation Controller with Weather-Adaptive Scheduling;This system enables remote monitoring and control of agricultural irrigation based on real-time weather data and soil moisture sensors. It integrates a React frontend dashboard with a Node.js backend API, leveraging MQTT protocol to communicate with ESP32-based soil moisture nodes. The backend adjusts irrigation schedules dynamically, preventing water wastage and improving crop yield.;React, Node.js, Express, MongoDB, MQTT, ESP32, REST API;Frontend Development, Backend Development, IoT Embedded Systems
SmartGreenhouse Monitoring and Control System;A web-based application that allows farmers to remotely monitor and adjust greenhouse parameters such as temperature, humidity, and soil moisture, using sensor data streamed from microcontrollers via MQTT. The backend stores real-time data and user settings, while the frontend visualizes trends and sends control commands to embedded devices. Automated alerts are triggered based on threshold breaches to optimize plant growth conditions.;React, Node.js, Express, MongoDB, MQTT Broker, ESP32 with sensors, Docker;Frontend and Backend Development with IoT Integration
Smart Inventory Management for Cold Chain Logistics;Develop a web application that monitors and manages temperature-sensitive shipments using IoT sensors for real-time data acquisition. The backend processes sensor data to trigger alerts on conditions like temperature deviations, while the frontend visualizes shipment status and historical trends. The system helps logistics managers ensure product quality during transportation.;React, Node.js, Express, MongoDB, MQTT, Raspberry Pi with temperature sensors;Frontend Development, Backend Development, IoT
FleetSight Logistics Tracker;A web-based platform for managing and monitoring delivery trucks in real-time. The frontend provides dispatchers with live geolocation, route visualization, and status updates, while the backend handles data aggregation from embedded GPS devices. The system includes REST APIs for vehicle reporting and MQTT for IoT message handling.;React.js, Node.js, Express, MongoDB, MQTT broker, Embedded GPS modules (Arduino), Mapbox API;Frontend Development, Backend Development, IoT
GreenPort: Smart Container Yard Management System;An integrated web application to manage and optimize container storage and movement in port container yards. The system tracks container placement via RFID and IoT sensors, provides real-time visualization on the frontend, and uses backend algorithms to suggest optimal storage arrangements reducing manual loading time. It supports user roles for yard managers and crane operators with secure API endpoints for coordination.;React.js, Node.js, Express, MongoDB, MQTT, Raspberry Pi with RFID Readers, Docker;Frontend Development, Backend Development, IoT Integration
SmartShelf Inventory Management System;A web application that integrates frontend dashboards with backend APIs to monitor and manage retail inventory in real-time. Using IoT weight sensors attached to shelves, the system tracks stock levels and triggers restock notifications when thresholds are crossed. The frontend visualizes product availability and sales trends while the backend handles sensor data ingestion, user authentication, and alert dispatching.;React, Node.js, Express, MongoDB, MQTT protocol, Raspberry Pi with load cells;Frontend Development, Backend Development, Embedded Systems, IoT
Smart Inventory Management System for Agricultural Warehouses;This system monitors real-time stock levels of farming supplies using NFC tags and updates inventory through a React-based dashboard. The backend, built with Django REST framework, handles authentication, data processing, and batch order suggestions based on usage trends. Android-integrated IoT readers scan goods at warehouse entry and exit points to automate inventory tracking and minimize manual errors.;React, Django REST Framework, PostgreSQL, Android Studio, NFC modules, Docker;Frontend Development, Backend Development, IoT Integration
FleetRoute: Smart Fleet Management System;FleetRoute enables logistics companies to track and manage their vehicle fleets in real time. The system integrates a React frontend with a Node.js backend and uses MQTT for live data from IoT GPS modules installed on trucks. Managers can monitor routes, vehicle statuses, and optimize delivery schedules based on traffic data.;React, Node.js, Express, MongoDB, MQTT, Docker;Full-Stack Development with IoT integration
Smart Inventory Management for Art Supply Stores;This project implements a full-stack inventory system tailored for art supply shops, tracking stock levels in real-time. Frontend allows store clerks to update shipments and receive alerts for low-stock items, while the backend manages a PostgreSQL database with RESTful APIs for item data. It integrates a simple recommender module that suggests reorder quantities based on historical sales.;React, Node.js, Express, PostgreSQL, Docker;Frontend Development, Backend Development
FarmSense Crop Monitoring System;FarmSense enables farmers to monitor soil moisture and temperature using wireless sensor nodes. A React frontend visualizes real-time environmental data, while a Node.js backend aggregates sensor inputs and triggers irrigation alerts. The system facilitates precision farming by providing actionable insights remotely.;React, Node.js, Express, MongoDB, MQTT, ESP8266 microcontroller;Frontend Development, Backend Development, IoT
Smart Inventory Management for Agricultural Supplies;This system enables farmers and suppliers to monitor, update, and predict inventory levels of seeds, fertilizers, and pesticides remotely. The frontend provides a dashboard for real-time stock visualization, while the backend manages supply requests and calculates replenishment needs based on historical usage patterns. Integrated with IoT-enabled storage sensors, it triggers alerts when supplies drop below set thresholds.;React.js, Node.js with Express, MongoDB, Raspberry Pi with ultrasonic sensors, MQTT protocol;Frontend Development, Backend Development, IoT Integration
SmartAquifer Monitoring and Alert System;This project develops a web dashboard to monitor real-time groundwater levels and water quality metrics collected via IoT sensor nodes deployed in aquifers. The backend handles data ingestion, storage, and threshold-based alerting through automatic notifications to authorized personnel. Users can visualize historical trends, configure alerts, and manage sensor deployments through a responsive frontend interface.;React, Node.js, Express, MongoDB, MQTT protocol, Raspberry Pi with water quality sensors, AWS SNS for notifications;Frontend Development, Backend Development, IoT
Smart Inventory Management for Small Retailers;The system provides a web interface for retailers to track their inventory levels, sales data, and reorder alerts. Backend REST APIs manage product data and handle real-time stock updates, while notifications prompt timely restocking. Integrated basic OCR on the frontend streamlines product entry via barcode scanning.;React, Node.js, Express, MongoDB, Tesseract.js (for OCR), Docker;Frontend Development, Backend Development
Smart Inventory Monitoring System for Warehouses;A web application that tracks stock levels and environmental conditions using LoRa-based sensors in warehouses, providing real-time alerts and analytics to warehouse managers. Frontend displays live dashboards and historical trends, while backend processes sensor data, manages user roles, and stores records securely. Integration with MQTT broker ensures reliable IoT device communication.;React, Node.js, Express.js, MongoDB, MQTT, LoRaWAN sensors, Docker;Full Stack Development with IoT Integration
Smart Vineyard Monitoring System;Develop a web-based dashboard that visualizes real-time environmental data collected from IoT sensors deployed in vineyards to optimize irrigation and disease prevention. Backend services aggregate sensor data using MQTT and store it in a time-series database, providing historical analytics and alert triggers for abnormal conditions. The frontend displays customizable charts and maps to help viticulturists make informed decisions regarding vineyard management.;React, Node.js with Express, MQTT, InfluxDB, Docker, Arduino, ESP32 sensors;Full-Stack Development with IoT Integration
SmartInventory: IoT-Based Perishable Goods Management System;SmartInventory integrates RFID sensors with a web dashboard to monitor and manage perishable products in warehouses. The backend processes real-time sensor data for expiration alerts and temperature anomalies, while the frontend provides inventory visualization and alert management. This system aids warehouse managers in reducing waste by proactively tracking spoilage risks.;React, Node.js, Express, MongoDB, MQTT, Raspberry Pi with RFID sensors, Docker;Frontend Development, Backend Development, IoT
Smart Irrigation Management System;This system monitors soil moisture and weather data to optimize watering schedules for agricultural fields. It integrates a React-based dashboard for farm managers to view sensors' live data and adjust irrigation remotely. The backend, built with Python Flask and PostgreSQL, processes sensor inputs and triggers water valves via MQTT-connected microcontrollers.;React, Python Flask, PostgreSQL, MQTT, Arduino, Soil Moisture Sensors;Full Stack Development with Embedded Systems
Smart Inventory Management for Urban Vertical Farms;This system monitors and manages stock levels of plants and supplies in vertical farming setups by integrating real-time sensor data and manual inputs. The frontend offers a web dashboard for farm managers to track inventory, while the backend handles data storage, supply prediction algorithms, and alerts when restocking is needed. Communication with IoT devices uses MQTT to ensure timely updates from embedded sensors measuring humidity and plant health.;React, Node.js, Express, MongoDB, MQTT, Raspberry Pi, Docker;Frontend Development, Backend Development, IoT
AgroTrack: Remote Crop Monitoring and Irrigation Control;AgroTrack is a web-based system for farmers to monitor soil moisture levels and control irrigation remotely via a centralized dashboard. The backend collects sensor data using MQTT protocol from embedded IoT devices deployed in fields, while the frontend visualizes real-time metrics and allows manual or scheduled valve actuation. Notifications trigger alerts when predefined soil moisture thresholds are crossed.;React, Node.js, Express, MongoDB, MQTT, Arduino, ESP32, Docker;Full Stack Development with IoT Integration
FarmLink: Smart Agricultural Inventory and Market Platform;FarmLink connects small-scale farmers with local markets by managing crop inventories and forecasting demand using sensor data from soil moisture and weather APIs. The system tracks real-time stock levels, while recommending optimal harvest and sale timings to reduce waste. Backend implements RESTful APIs, while the frontend offers an interactive dashboard for farmers and buyers to coordinate transactions.;React.js, Node.js, Express, PostgreSQL, MQTT, OpenWeatherMap API, Docker;Frontend Development, Backend Development, IoT Integration
Fleet Maintenance Tracker;A web-based system for logistics companies to schedule, monitor, and record vehicle maintenance tasks. The platform offers role-based access where fleet managers create maintenance schedules and mechanics update task status. Backend APIs in Node.js integrate with PostgreSQL to handle data persistence, while React handles interactive status dashboards and reporting on the frontend.;React, Node.js, Express, PostgreSQL, Docker;Frontend Development, Backend Development
SmartField Irrigation Management System;A web-based platform that enables farmers to monitor and control irrigation schedules remotely using sensor data. The system collects soil moisture levels from IoT sensor nodes deployed in fields and triggers water pumps accordingly to optimize water usage. Users can customize irrigation rules, view field analytics, and receive alerts on anomalies or equipment failures.;React, Node.js, Express, MongoDB, MQTT, DHT11 soil moisture sensors, Raspberry Pi, AWS EC2;Frontend Development, Backend Development, IoT, Cloud Computing
FleetWatch: Real-Time Vehicle Diagnostics and Route Management;FleetWatch collects telemetry data from GPS-enabled OBD-II devices installed on commercial vehicles, displaying live diagnostics and route history through a responsive web dashboard. The backend processes status alerts and optimizes delivery routes based on traffic data to aid fleet managers in decision-making.;React.js, Node.js with Express, MongoDB, MQTT Broker, PostgreSQL, Mapbox APIs, Docker;Frontend and Backend Development with Embedded Systems Integration and Cloud Data Processing
Smart Fleet Maintenance Scheduler;This system enables fleet managers to monitor vehicle health data collected via IoT sensors and schedule maintenance tasks dynamically based on predictive failure models. Users can view vehicle status and maintenance history through a responsive web dashboard, while backend services handle sensor data ingestion and predictive analytics. The platform improves vehicle uptime by integrating real-time sensor feeds with maintenance records.;React, Node.js, Express, MongoDB, MQTT, Python (for predictive maintenance algorithms), Docker;Frontend Development, Backend Development, IoT Integration, Predictive Analytics
SmartWater: IoT-Enabled Water Quality Monitoring System;SmartWater collects real-time data from distributed IoT sensors monitoring pH, turbidity, and temperature in municipal water sources. The backend aggregates and analyzes readings, providing a web dashboard with alert notifications to water management authorities. Frontend visualizes sensor status, historical trends, and geo-located quality metrics for decision-making.;React, Node.js, MongoDB, Express.js, MQTT, Arduino, ESP32, InfluxDB, Grafana;Frontend Development, Backend Development, IoT
SmartShelf Inventory Management System;This application integrates a React frontend dashboard with a Node.js and Express backend to manage warehouse stock levels in real-time. Embedded RFID readers coupled with an Arduino microcontroller automate the detection of items placed or removed from shelves. The system updates inventory records instantly and alerts managers via email when stock falls below preset thresholds.;React, Node.js, Express, MongoDB, Arduino UNO, RFID Module, Nodemailer;Frontend Development, Backend Development, Embedded Systems, IoT
Fleet Tracker: Real-Time Vehicle Monitoring and Analytics Platform;This system tracks commercial vehicles using GPS modules integrated via embedded hardware and transmits data to a cloud backend. The frontend provides dispatchers with live location, route history, and performance metrics through interactive maps and dashboards. Backend APIs process telemetry data and enable alert generation for deviations or maintenance triggers.;React, Node.js, PostgreSQL, Express.js, MQTT, Raspberry Pi, GPS Module, AWS IoT Core;Frontend Development, Backend Development, Embedded Systems, Cloud Computing
FleetGuard: Commercial Vehicle Maintenance Tracker;A web application that tracks real-time maintenance schedules and diagnostic data for commercial vehicle fleets. The frontend provides a dashboard for fleet managers to inspect upcoming services and maintenance history, while the backend aggregates vehicle sensor data via MQTT, storing anomalies and usage statistics. Notification alerts are dispatched via email and SMS based on predictive maintenance algorithms.;React, Node.js, Express, MongoDB, MQTT broker, Twilio API, Docker;Frontend Development, Backend Development, IoT Integration, Cloud Deployment
Smart Aquarium Monitoring System;This system integrates wired sensors with a web-based dashboard to monitor water quality parameters such as temperature, pH, and ammonia levels in real time. The backend handles data storage and alert triggers, while the frontend allows aquarists to visualize trends and receive maintenance notifications. It incorporates MQTT for sensor communication and uses Elasticsearch for storing timeseries data.;React, Node.js (Express), MongoDB, MQTT, Elasticsearch, Docker;Frontend and Backend Development with Embedded IoT Integration
FarmLogix: IoT-enabled Crop Monitoring and Alert System;FarmLogix integrates soil moisture and temperature sensors to monitor crop field conditions in real-time. The backend aggregates sensor data, triggers alerts for irrigation needs, and logs environmental metrics. The frontend dashboard visualizes field status for farmers with analytics on sensor readings and weather predictions.;React, Node.js, Express, MongoDB, MQTT, Arduino, Sensor Modules (soil moisture, temperature), AWS IoT;Frontend Development, Backend Development, IoT Integration
SmartFarm Scheduling and Monitoring System;This system enables precision irrigation scheduling by integrating soil moisture sensor data through a backend API that processes sensor inputs and triggers irrigation events. The frontend dashboard allows farmers to monitor field conditions in real time and manually override automated schedules. Notifications are sent via email when sensor thresholds are met or manual adjustments are required.;React, Node.js, Express, MongoDB, MQTT, Arduino, Digital Soil Moisture Sensors;Frontend Development, Backend Development, IoT
MediStorage: Distributed Inventory Management for Rural Clinics;MediStorage is a web-based system that tracks medical supply levels across rural clinics and predicts reordering needs. The backend synchronizes inventory data with a central server using MQTT over cellular IoT gateways, ensuring real-time updates where connectivity is intermittent. The frontend provides users an intuitive dashboard displaying stock status and order history with offline data caching.;React, Node.js, Express, MongoDB, MQTT, Raspberry Pi with cellular modules, Docker;Full-Stack Development with IoT Integration
Smart Inventory Management System for Small Retailers;This web application tracks product stock levels in real-time and generates reorder alerts based on customizable thresholds. The backend provides REST APIs using Node.js with Express, handling data persistence in MongoDB, while the frontend built with React offers dashboards and analytics. A Raspberry Pi device equipped with an RFID scanner communicates over MQTT to update inventory automatically when products are scanned at checkout.;React, Node.js, Express, MongoDB, MQTT, Raspberry Pi, RFID scanner;Frontend Development, Backend Development, IoT Integration
Decentralized Microgrid Energy Distribution and Optimization Platform;This system enables real-time monitoring and dynamic energy distribution across a network of residential and commercial microgrids. It uses predictive algorithms to balance supply and demand while incorporating blockchain-based transactions to securely manage energy credits between producers and consumers. The backend integrates edge-tied IoT node data streams, and the frontend offers operators interactive visualizations for demand forecasting and resource allocation.;Frontend: React.js with D3.js for data visualization, Backend: Node.js with Express.js, Database: CouchDB (for distributed ledger storage), IoT: MQTT protocol with Raspberry Pi edge devices, Blockchain: Hyperledger Fabric, Deployment: Docker and Kubernetes on AWS Cloud;Frontend Development, Backend Development, IoT Systems, Blockchain Integration, Cloud Computing
Decentralized Peer-to-Peer Energy Trading Platform for Smart Grids;This system enables households equipped with solar panels to directly trade surplus energy with their neighbors using blockchain-based smart contracts. The platform uses a real-time marketplace algorithm to dynamically match energy buyers and sellers, integrating IoT meter data for accurate measurement and automated transaction settlements. Intelligent demand prediction optimizes trading offers throughout the day, improving local grid efficiency and user cost savings.;React.js, Node.js with Express, Solidity (Ethereum Smart Contracts), Web3.js, MQTT protocol, Raspberry Pi IoT devices, PostgreSQL, Docker, AWS Lambda;Frontend Development, Backend Development, Blockchain Integration, IoT, Cloud Computing
Intelligent Cargo Vibration Monitoring and Prediction System for Maritime Shipping;This system integrates embedded IoT sensors attached to cargo containers, collecting real-time vibration and shock data during maritime transport. It processes data at the edge with a lightweight time-series prediction model to forecast potential damage risks, triggering backend alerts and optimized route adjustments via a cloud service. Frontend dashboards provide ship operators and logistics coordinators detailed incident reconstruction and projection-based insights to minimize cargo loss.;React.js, Node.js with Express, MQTT protocol, ESP32-based IoT sensor nodes, TensorFlow Lite for microcontrollers, AWS IoT Core, DynamoDB, WebSocket communication;Frontend Development, Backend Development, Embedded Systems, IoT, Cloud Computing, Predictive Analytics
Edge-Based Predictive Maintenance System for Industrial Robotics;This system collects real-time sensor data from industrial robotic arms using embedded edge devices and processes it locally to predict potential mechanical failures through advanced time-series anomaly detection algorithms. The backend aggregates summaries and alerts with a fault-diagnosis API to assist maintenance teams, while the frontend visualizes robot health trends and sends escalation notifications via real-time websocket connections.;"Frontend: React with D3.js for data visualization, WebSocket; Backend: Python Flask REST API with TensorFlow for anomaly detection and FastAPI for API aggregation; Embedded: ARM Cortex-M7 microcontrollers with FreeRTOS collecting vibration and temperature sensor data; Communication via MQTT over secured WS; Database: TimescaleDB for time-series data storage";Industrial Automation, Embedded Systems, Edge AI, Real-time Data Processing
Decentralized IoT-Driven Soil Nutrient Monitoring and Automated Irrigation Control System;This project implements a microservices-based architecture combining frontend, backend APIs, and embedded IoT devices to monitor soil nutrient levels in real-time and automatically regulate irrigation in large-scale farms. It integrates edge computing for local sensor data analysis using Raspberry Pi clusters and cloud-hosted PostgreSQL for historic trend prediction, improving water and fertilizer usage efficiency. Users such as farm managers schedule irrigation profiles and receive alert on nutrient deficiencies or irrigation anomalies through a reactive React.js dashboard linked with RESTful APIs built on Golang.;React.js, Redux, Golang, Docker, Kubernetes, MQTT protocol, PostgreSQL, Raspberry Pi 4, Azure IoT Hub, Grafana, Prometheus;Frontend and Backend Development, IoT Edge Computing, Cloud Infrastructure, Agricultural Automation
Decentralized Crop Disease Prediction and Alert System Using IoT and Microservices;This system leverages IoT sensors deployed across agricultural fields to continuously monitor environmental parameters such as humidity, temperature, and soil moisture. Collected data is processed via AI models in a microservices backend to predict early signs of specific crop diseases and dispatch timely alerts to farmers through a mobile web application. The architecture ensures fault tolerance and scalability by using container orchestration and edge computing nodes for localized data processing.;"Frontend: React.js, Redux, WebSocket; Backend: Node.js with Express.js microservices, Python Flask for AI modules, Docker, Kubernetes, MQTT for IoT data transmission; AI: Custom convolutional neural networks trained with crop pathology datasets; IoT: Raspberry Pi with temperature, humidity, and soil moisture sensors; Cloud: AWS IoT Core, AWS Lambda, PostgreSQL for async data syncing";Full Stack Development with focus on IoT integration, Microservices Architecture, Edge Computing, and AI-driven predictive analytics in Agriculture Technology
Real-Time Traffic Incident Response and Dynamic Signal Control System;This system integrates real-time sensor data and camera feeds to detect traffic incidents on urban roads, triggering automated dynamic traffic signal adjustments to prioritize emergency responders and reduce congestion. It provides a multi-role platform for traffic controllers, emergency responders, and commuters to coordinate road usage and receive real-time updates. The backend processes streaming IoT data and interfaces with municipal traffic light hardware, while the frontend visualizes road network status and allows manual overrides.;"Frontend: React with WebSocket integration for live updates, D3.js for interactive network visualization; Backend: Node.js with Express for API, Apache Kafka for real-time events processing; IoT: MQTT protocol-enabled road sensors and traffic lights; Database: TimescaleDB for time-series data storage; Infrastructure: Docker Swarm for container orchestration";Frontend Development, Backend Development, IoT, Real-time Systems, Transportation Engineering
Adaptive Smart Irrigation Management Platform for Precision Agriculture;This system integrates IoT-based soil moisture sensors and weather data APIs to dynamically control irrigation schedules on agricultural fields. The backend processes sensor inputs to optimize watering times using predictive models, while the frontend provides farmers with real-time insights and manual override controls via an interactive web app.;React, Node.js, MongoDB, MQTT, Docker, TensorFlow.js, AWS Lambda, InfluxDB, Express.js, Grafana;Frontend Development, Backend Development, IoT Integration, Cloud Computing, Edge AI
Predictive Maintenance System for Water Treatment Plants Using IoT and Edge Computing;This project develops an integrated system to monitor and analyze water treatment facility equipment through IoT sensors that capture real-time operational data. Edge computing nodes preprocess sensor information to detect anomalies, predicting equipment failures before they occur and triggering early maintenance schedules. The backend manages device configurations, processes incident alerts, and provides web-based control panels for operational engineers to review system health and maintenance logs.;React.js, Node.js, MQTT, SQLite (Edge databases), Python (for signal processing and anomaly detection), Docker, AWS IoT Core;Frontend and Backend Development with IoT and Edge Computing Integration for Industrial Automation
Real-Time Environmental Hazard Alert System Using Distributed Sensor Networks;The system continuously collects data from an array of IoT-enabled environmental sensors deployed across urban areas to detect hazards like gas leaks, radiation spikes, or toxic pollutants. A backend processes sensor streams with threshold-based and anomaly detection algorithms, sending real-time alerts and geo-targeted evacuation routes to various users via a responsive frontend. It integrates secure MQTT messaging for sensor communication and ensures data integrity through blockchain-based audit logs.;React for frontend, Node.js with Express and PostgreSQL for backend API, Python with TensorFlow for anomaly detection models, Eclipse Mosquitto for MQTT broker, Ethereum smart contracts for audit log blockchain, Docker for deployment;Frontend Development, Backend Development, IoT Integration, Edge Computing, Cybersecurity
Predictive Maintenance Platform for Industrial Robotics Using Edge AI and Cloud Orchestration;This system continuously monitors industrial robots by collecting vibration, temperature, and current data through IoT sensors integrated into embedded microcontrollers. An edge AI model processes sensor data locally to detect early fault indicators and triggers anomaly alerts, while periodic summaries are sent to the cloud where scheduling and resource allocation occur to plan timely maintenance. The platform ensures minimal downtime by optimizing maintenance workflows and dispatching technician tasks via a responsive web dashboard.;React.js for frontend, Node.js with Express for backend API, MQTT protocol for IoT data messaging, TensorFlow Lite on ARM Cortex-M processors for edge AI inference, Microsoft Azure IoT Hub for device management and cloud orchestration, PostgreSQL for maintenance scheduling, Docker containers for deployment;Frontend Development, Backend Development, IoT, Embedded Systems, AI, Cloud Computing
Decentralized Real-Time Traffic Violation Detection and Reporting System;This system uses IoT-enabled smart cameras installed in urban intersections to detect traffic violations such as red-light running and illegal turns using edge computing. The backend processes violations using a blockchain ledger for immutable storing of incident data and automated drivers' penalty issuance. The React frontend provides city traffic authorities real-time maps with violation locations, and drivers can view and appeal charges securely.;React, Node.js, Express, MongoDB, Hyperledger Fabric, Python (for computer vision models), Raspberry Pi, OpenCV, MQTT, Docker, NGINX;Frontend Development, Backend Development, IoT, Blockchain, Embedded Systems, Cloud Computing
Adaptive Microclimate Optimization System for Indoor Farming;This project designs an IoT-driven system that monitors and dynamically adjusts air temperature, humidity, and CO2 levels within vertical indoor farms. Data from embedded sensors is processed in the backend to generate optimized climate control commands that are relayed to actuators and HVAC systems, enhancing crop yield predictability. The frontend visualizes real-time environmental data and historical trends to allow farm managers to intervene manually and track system efficiency.;React.js, Node.js with Express, MQTT protocol, Raspberry Pi microcontrollers, DHT22 and MH-Z19 sensors, PostgreSQL, and AWS IoT Core;Frontend Development, Backend Development, IoT and Embedded Systems, Cloud Computing
Smart Predictive Maintenance System for Industrial Rotating Equipment;This system integrates real-time sensor data acquisition from industrial rotating machinery via embedded systems to predict equipment failures before they occur. The backend processes multi-modal vibration, temperature, and acoustic data utilizing edge computing and machine learning anomaly detection models, delivering maintenance alerts. The frontend provides technicians with an interactive dashboard for scheduling proactive maintenance and visualizing equipment health trends to minimize downtime.;React, Node.js, Express, Python (TensorFlow, Scikit-Learn), MQTT, Raspberry Pi, InfluxDB, Grafana, Docker, Kubernetes;Frontend Development, Backend Development, Embedded Systems, Edge AI, Industrial IoT, Cloud Orchestration
Dynamic Traffic Signal Control System Using Vehicle Density Prediction;This system collects real-time traffic data from IoT-based vehicle counters installed at intersections. Using a backend with Python-based predictive models, it dynamically adjusts traffic light intervals to optimize flow and reduce congestion. The frontend displays an interactive map for traffic managers to monitor system status and manually override signals if necessary.;React, Node.js, Express, Python (TensorFlow for prediction), MQTT, Raspberry Pi, PostgreSQL, Docker;Frontend Development, Backend Development, IoT, Cloud Computing
Real-Time Predictive Maintenance System for Industrial Pumps Using IoT and Edge Computing;This system integrates IoT sensors with an edge computing platform to monitor vibration, temperature, and pressure of industrial pumps in factories. It processes data locally for anomaly detection and predicts potential failures using a backend time-series analysis service, scheduling alerts and maintenance jobs to minimize downtime and costs. The frontend provides an interactive visualization of pump health, maintenance schedules, and urgent alerts accessible by maintenance engineers and plant managers.;"Frontend: React.js, D3.js for visualization; Backend: Node.js with Express, Python Flask for predictive algorithms; IoT: ESP32 sensors with MQTT protocol; Edge Computing: Raspberry Pi running TensorFlow Lite for anomaly detection; Database: InfluxDB for time-series data; Communication: MQTT broker; Deployment: Docker and Kubernetes on private cloud";IoT & Edge Computing with Real-Time Data Analytics in Industrial Automation
Predictive Maintenance System for HVAC Units Using Embedded Sensors and Cloud Analytics;This system continuously collects real-time operational data from HVAC units via embedded microcontroller-based sensor modules. The backend processes signals to identify anomaly patterns and schedule targeted maintenance activities before failures occur, reducing downtime. The frontend provides facility managers with interactive visualization of system health trends and maintenance forecasts. Cloud services enable scalable data storage and analytics across geographical sites.;"Frontend: React, D3.js; Backend: Node.js, Python Flask; Embedded: ESP32 with temperature, vibration sensors; Cloud: AWS IoT Core, AWS Lambda, Amazon RDS";Frontend Development, Backend Development, Embedded Systems, Cloud Computing
Predictive Maintenance System for Autonomous Agricultural Machinery;This system integrates sensor data from IoT-enabled autonomous tractors and harvesters to predict component failures through backend analytics. The frontend visualizes machine status and maintenance alerts in near real-time for farm managers to optimize usage. Edge computing modules preprocess data to reduce latency and cloud services store consolidated historical sensor data for trend analysis.;React.js, Node.js, MQTT protocol, Python Flask, TensorFlow Lite, Azure IoT Hub, PostgreSQL, Docker;Frontend Development, Backend Development, IoT, Cloud Computing, Embedded Systems, Machine Learning
Integrated Smart Crop Disease Diagnosis and Treatment Recommendation System;This system uses IoT-enabled field sensors to collect real-time environmental and crop health parameters. The backend applies machine learning models to detect crop diseases early and provides automated treatment plans. Frontend allows farmers to monitor crop status, receive alerts, and manage treatment schedules through a mobile-responsive web interface.;React.js, Node.js with Express, MQTT for sensor data ingestion, TensorFlow.js for disease classification, MongoDB for data storage, Docker for containerization, AWS Lambda for backend processing, and chart.js for data visualization.;Frontend Development, Backend Development, IoT, Machine Learning, Cloud Computing
Adaptive Traffic Signal Control System Using Edge Computing and IoT;This system dynamically optimizes urban traffic light timings by analyzing real-time traffic flow data captured from IoT sensors installed at intersections. Edge devices process sensor data locally to reduce latency, adjust signals adaptively, and communicate with a central backend for historical analysis and long-term planning. Users include city traffic managers who monitor performance through a responsive web interface allowing manual overrides and system tuning.;"Frontend: React.js, Mapbox GL, WebSockets; Backend: Node.js with Express, MQTT Broker, Time-series Database InfluxDB; Edge Devices: Raspberry Pi running Python scripts for sensor data aggregation; IoT Sensors: Inductive loop detectors and cameras; Cloud: AWS Lambda for asynchronous analytics jobs";Frontend + Backend Development with IoT integration and Edge Computing optimization in Smart City Traffic Management
Predictive Maintenance Scheduling System for Industrial Equipment Using IoT and Microservices;This system collects real-time sensor data from factory machinery via embedded IoT devices to monitor operational parameters. It applies backend analytics to predict equipment failure and dynamically schedules maintenance tasks to optimize factory workflows and reduce downtime. The frontend enables plant engineers to visualize equipment health trends and approve maintenance orders through a responsive dashboard.;React.js, Node.js with Express.js, TimescaleDB, MQTT protocol, Raspberry Pi with custom sensor firmware, Docker, Kubernetes;Frontend Development, Backend Development, IoT Integration, Cloud Microservices, Embedded Systems
Real-Time Wildlife Migration Tracking and Alert System Using Edge Computing;This system enables conservationists and park rangers to monitor endangered wildlife movements in real time by processing sensor and drone data at edge nodes near the habitat. The backend employs time-series analysis to detect unusual migration patterns or potential poaching activities and sends instant alerts through a mobile-responsive interface. Data visualization includes geofenced heatmaps and migration corridors to support tactical decision-making on the frontend.;"Frontend: React with D3.js for geospatial visualization; Backend: Python FastAPI with Apache Kafka for stream processing; Edge Computing: NVIDIA Jetson devices for on-site video and sensor analysis; Database: TimescaleDB; Deployment: Docker and Kubernetes on AWS IoT Greengrass";IoT-Driven Spatial Data Analysis and Edge Computing in Wildlife Conservation
Real-Time Smart Traffic Congestion Management System Using IoT and Cloud Analytics;This system integrates IoT sensor data from urban traffic signals and vehicle detection devices to monitor real-time traffic flow patterns. A cloud-based backend processes sensor inputs using time-series analytics to detect and predict congestion, dynamically controlling traffic lights via embedded smart controllers to optimize signal timing and reduce bottlenecks. The frontend provides live visualization of traffic density maps and administration tools to define adaptive traffic policies.;"Frontend: React with D3.js for dynamic data visualization; Backend: Node.js with Kafka for streaming data ingestion and Apache Flink for real-time analytics; Cloud: AWS IoT Core for device communication and AWS Lambda for event-driven logic; Embedded Systems: ARM Cortex microcontrollers managing local traffic lights; Protocols: MQTT for sensor communication.";Frontend Development, Backend Development, IoT Integration, Embedded Systems, Cloud Computing
Predictive Maintenance and Energy Optimization Platform for Smart Manufacturing Lines;This system integrates IoT sensors embedded in manufacturing equipment to collect operational data, which is then processed in real-time through a backend analytics engine to predict equipment failures and schedule maintenance dynamically. The frontend dashboard visualizes machine health and energy consumption trends, allowing factory managers to optimize uptime and reduce power waste. Data transmission employs edge computing to pre-process signals, enhancing latency and security within the industrial environment.;"Frontend: React.js with D3.js for data visualization; Backend: Node.js with Express and MQTT broker; IoT: ARM Cortex-M based microcontrollers with LoRaWAN modules; Data Analytics: Python (scikit-learn) for predictive models; Database: InfluxDB for time-series data; Edge computing: Kubernetes cluster for microservices deployment";Industrial Automation with IoT Integration and Predictive Analytics
Integrated Fleet Maintenance Prediction and Scheduling for Maritime Transport;This system collects sensor data from ship components through IoT devices and uses machine learning models on the backend to predict maintenance needs before failures occur. It dynamically schedules dockyard resources and crew availability to reduce downtime and operational costs, presenting status and alerts through a real-time web dashboard. User roles include fleet managers orchestrating maintenance plans and technicians receiving task-specific instructions onsite via mobile interface.;React.js, Node.js with Express, TensorFlow.js, MQTT for IoT messaging, PostgreSQL, Docker, Grafana for real-time monitoring;Frontend Development, Backend Development, IoT Integration, Embedded Sensor Data Processing, Predictive Maintenance in Transportation
Real-Time Environmental Hazard Detection and Alert System Using Edge Computing;This project develops a real-time monitoring system that integrates multiple environmental sensors deployed in urban areas to detect hazards such as chemical leaks, smoke, or air pollution spikes. The system uses IoT devices for data collection with edge computing nodes performing anomaly detection locally to reduce latency. Alerts and actionable insights are communicated through a responsive frontend app tailored for city safety officers, while a backend orchestration layer manages sensor networks and aggregates incident reports.;React.js, Node.js with Express, Python TensorFlow Lite for edge inference, MQTT for sensor communication, Raspberry Pi devices for edge nodes, PostgreSQL for backend storage, Docker, HAProxy load balancer;Frontend Development, Backend Development, IoT Integration, Edge Computing, Embedded Systems
Intelligent Fleet Route Optimization and Performance Monitoring System;This system collects real-time vehicle telemetry and traffic data via an embedded IoT network installed on each truck, combining it with historical route and delivery time data to dynamically optimize fleet routing for reducing fuel consumption and delays. Backend services employ statistical analysis and reinforcement learning models to adjust routing policies and monitor driver behavior, while a web frontend provides transportation managers with visual insights, alert notifications, and what-if simulation tools for decision support. The architecture integrates microservices deployed on a Kubernetes cluster with secure MQTT IoT messaging for scalable and reliable data handling.;React, D3.js, Node.js, Express, Python (TensorFlow), MQTT, ESP32 (IoT sensors), PostgreSQL, Kubernetes, Docker, Prometheus, Grafana;Frontend Web Development, Backend Development, IoT Integration, Cloud-Native Microservices, Embedded Systems, Machine Learning for Optimization
Real-time Environmental Hazard Prediction and Alert System for Smart Cities;This system collects live data from distributed IoT sensors across urban areas to predict potential environmental hazards such as gas leaks or chemical spills. It integrates a backend that processes sensor data using spatiotemporal models to forecast hazards and immediately triggers mobile and web frontend alerts to city officials and residents in affected zones. Cloud infrastructure is employed to handle scalability and data storage with secure, encrypted communication channels ensuring data integrity and user privacy.;"Frontend: React, WebSockets; Backend: Node.js with Express, PostgreSQL, Python for spatiotemporal modeling; IoT: Arduino-based gas and chemical sensors; Cloud: AWS Lambda, AWS IoT Core; Security: TLS, role-based access control";Full-Stack Development, IoT Integration, Cloud Computing, Environmental Risk Management, Cybersecurity
Intelligent Crop Disease Prediction and Alert System Using Drone Imaging;This project develops an integrated system that processes drone-captured images to detect early signs of crop diseases via backend image analysis algorithms. Farmers receive real-time alerts through a mobile-friendly frontend dashboard, enabling timely interventions while minimizing unnecessary pesticide use. The solution combines multitier REST APIs, image processing pipelines, and offline-capable progressive web app interfaces for remote farm locations.;Frontend: React with PWA support, Backend: Node.js with Express, AI: TensorFlow.js for image classification, Cloud: AWS Lambda for serverless processing, Databases: AWS S3 for image storage and DynamoDB for metadata, IoT: drones equipped with RGB and multispectral cameras, Communication: MQTT for drone status telemetry;Frontend Development, Backend Development, AI-based Image Processing, IoT-enabled Data Acquisition, Cloud Serverless Architecture
Predictive Maintenance Platform for Smart Factory Equipment Using IoT and Machine Learning;This system integrates IoT sensors with a backend analytics engine to monitor manufacturing equipment parameters in real-time and predict potential failures. The frontend provides interactive visualizations and maintenance scheduling based on anomaly detection algorithms to reduce unplanned downtime. Data ingestion and model training operate on a cloud-based pipeline while user interaction and alerts are managed through a responsive web app.;ReactJS, Node.js (Express), Python (scikit-learn, TensorFlow), MQTT, InfluxDB, AWS IoT Core, Docker, Grafana;Full-Stack Development, IoT Systems, Machine Learning, Cloud Computing for Industry 4.0
Predictive Maintenance System for Industrial HVAC Using IoT and Edge Computing;This system monitors and analyzes real-time sensor data from HVAC equipment in manufacturing plants to predict failures before they occur, minimizing downtime. Edge devices preprocess and transmit anomalies to a central backend that schedules targeted maintenance tasks dynamically. The workflow includes telemetry ingestion, anomaly detection, alert prioritization, and work order dispatch to on-site technicians via a responsive web portal.;"Frontend: React with TypeScript, WebSocket API; Backend: Node.js with Express, MQTT broker, Python for ML at edge (Edge Impulse); Database: TimescaleDB; Infrastructure: Docker, Kubernetes for edge device management; Embedded: ESP32 microcontrollers for sensor acquisition; AI: Local anomaly detection model; Cloud: AWS for data analytics and alerts";Full Stack Development with Embedded Systems Integration and Edge AI for Industrial Maintenance
Decentralized Proactive Wildlife Poaching Prevention System Using Edge AI and IoT Sensors;The system senses real-time environmental and motion data from distributed IoT sensor nodes in protected wildlife reserves. Using embedded edge AI running locally on sensor hubs, it autonomously detects poaching activities through behavior anomalies and immediately triggers encrypted alerts to park rangers via blockchain-backed messaging. The backend coordinates decentralized data validation and ranger deployment scheduling.;React, Node.js, TensorFlow Lite, Raspberry Pi OS, MQTT, Hyperledger Fabric, Docker, PostgreSQL;Frontend Development, Backend Development, Edge AI, IoT, Blockchain
Real-Time Multimodal Fleet Incident Monitoring and Response System;A platform designed for transportation fleet operators to aggregate live sensory data from in-vehicle IoT devices and dashcams, analyze it with edge computing to detect incidents like collisions or fatigue behavior, and automatically dispatch appropriate response teams. The system integrates stream processing backend services with a React frontend to display location-based alerts and incident timelines, optimizing fleet safety and reducing downtime.;Node.js with Express, React.js, MQTT broker, Apache Kafka, TensorFlow.js (for in-browser alert validation), PostgreSQL, Docker, AWS IoT Core, OpenCV embedded on edge devices;Full-Stack IoT-enabled Transportation Management and Incident Handling System
Dynamic Route Optimization and Fleet Monitoring System for Urban Waste Collection;This system dynamically generates optimized routes for waste collection trucks based on real-time IoT sensor data from bins indicating fill levels, combining traffic conditions to reduce fuel consumption and service time. Drivers access mobile interfaces to follow routes, report issues via embedded devices, while backend prioritizes critical areas and recalculates routes on demand using route optimization algorithms. Fleet managers receive alerts on maintenance triggers and can perform scenario simulations for city-wide waste management improvements.;"Frontend: React Native; Backend: Node.js with Express; Database: PostgreSQL with PostGIS; IoT: Arduino-based fill-level sensors with LoRaWAN; Routing: OpenRouteService API, GraphHopper; Deployment: AWS EC2 and Lambda functions";Frontend Development, Backend Development, IoT Integration, Cloud-based Distributed Processing, Geospatial Analytics
Decentralized Emergency Response Coordination Platform with Real-Time Sensor Integration;This system enables emergency responders and command centers to coordinate disaster relief activities using live data from IoT-deployed environmental sensors and wearable health monitors. It employs blockchain for secure task assignment and immutable logging of critical decisions, while a real-time frontend dashboard visualizes evolving situational data. Backend services handle large-scale event stream processing to distribute alerts and resource allocations efficiently.;React for frontend visualization, Node.js with WebSocket for real-time backend communication, Hyperledger Fabric for blockchain-based logging, MQTT protocol for IoT sensor data ingestion, Apache Kafka for event streaming.;Frontend and backend development integrated with IoT sensor communication and blockchain technology specialized in disaster management systems.
Adaptive Crop Irrigation Optimization Using Edge AI and IoT Integration;This system combines IoT soil moisture sensors with an edge AI model running on embedded devices placed in the field to dynamically adjust irrigation schedules and volumes. It optimizes water usage by analyzing real-time environmental data while processing locally to reduce latency and dependency on cloud connectivity. Farmers receive actionable insights and control overrides from a reactive frontend interface accessing aggregated field data via a secure backend API.;React.js, Node.js with Express, TensorFlow Lite on Raspberry Pi, MQTT protocol for sensor communication, PostgreSQL, Docker for containerization, OAuth2 authentication;Frontend Development, Backend Development, IoT, Embedded Systems, Edge AI
Real-Time Construction Site Hazard Detection and Alert System;This project develops a real-time hazard detection system using IoT sensors and computer vision to monitor active construction sites. The backend processes sensor and video data to identify risks like falls, unauthorized access, or equipment malfunctions, then sends instant alerts to site managers via a web portal and mobile app. Frontend visualizes site layouts with overlayed dynamic hazard zones, allowing safety coordinators to track, acknowledge, and resolve alerts efficiently.;React, Node.js with Express, PostgreSQL, TensorFlow.js, MQTT protocol for IoT communication, AWS IoT Core, OpenCV, Docker;Frontend Development, Backend Development, IoT Integration, Embedded Computer Vision, Cloud-Based Event Processing
Adaptive Traffic Signal Control System Using Edge Computing and IoT;This project implements a real-time traffic signal control system that dynamically adjusts light phases based on live vehicular and pedestrian flow collected from distributed IoT sensors. A backend edge computing layer aggregates sensor data, performs traffic pattern analysis, and sends control commands with minimal latency to optimize intersection throughput and reduce congestion. The frontend provides a live dashboard for city traffic operators, visualizing traffic density and system status at multiple junctions.;"Frontend: React.js, WebSocket for real-time updates; Backend: Node.js with Express, Python Flask microservices with Docker containers for edge processing; IoT: Raspberry Pi devices with camera and ultrasonic sensors communicating via MQTT; Database: InfluxDB time-series for sensor data storage; Deployment: Kubernetes orchestration on edge nodes";Frontend and Backend Development integrated with IoT and Edge Computing for Smart City Traffic Management
Secure Smart Contract Lifecycle Management Platform for Legal Firms;This system provides legal firms with a secure environment to design, test, deploy, and monitor blockchain-based smart contracts. It integrates real-time contract validation, automated compliance checks, and immutable audit trails with role-based access control to prevent unauthorized document manipulation. The platform allows legal users to collaborate on contract development dynamically while blockchain ensures all modifications are transparently recorded.;"Frontend: React.js with TypeScript, Web3.js; Backend: Node.js with Express, Ethereum blockchain, Solidity for smart contracts, IPFS for decentralized storage, OpenZeppelin library; Security: JWT, OAuth2, Role-Based Access Control, AES encryption; Development: Truffle Suite, Ganache, MetaMask integration";Full-Stack Blockchain Development with emphasis on Cybersecurity and Legal Technology
Decentralized Smart Contract Platform for Agricultural Supply Chain Integrity;This system enables farmers, distributors, and retailers to track and verify the provenance, handling, and quality compliance of crops using blockchain-based smart contracts. The frontend application facilitates real-time data entry and audit visualization, while the backend orchestrates smart contract deployment on a private Ethereum network. IoT-enabled sensor devices transmit environmental data which triggers contract clauses, ensuring automated compliance and dispute resolution without centralized oversight.;ReactJS, Node.js with Express, Solidity for smart contracts, Ethereum (Ganache for testing), MQTT for IoT communication, Raspberry Pi with Arduino sensors for deployment, IPFS for decentralized data storage;Full-Stack Development with Blockchain Integration and IoT Embedded Systems
Adaptive Irrigation Control System Using Soil Moisture and Weather Prediction;This project develops an adaptive irrigation controller that integrates real-time soil moisture sensing with local weather forecast data to optimize water usage on agricultural fields. The backend applies predictive analytics to adjust irrigation schedules dynamically, minimizing overwatering while ensuring crop health. The frontend offers interactive visualizations and manual override controls tailored for farmers to monitor and manage irrigation zones effectively.;React.js, Node.js with Express, PostgreSQL, MQTT protocol, TensorFlow (for weather impact forecasting), Docker, Raspberry Pi with soil moisture sensors;Frontend and Backend Development with IoT Integration and Predictive Analytics in Agriculture Technology
Real-time Railway Track Fault Prediction and Monitoring System;This system integrates an IoT-based sensor network deployed along railway tracks to collect vibration and temperature data, which is then processed via a backend time-series anomaly detection engine to predict potential faults. The frontend dashboard provides live updates and alerts to maintenance teams, enabling proactive interventions and minimizing disruptions. The architecture efficiently handles large-scale sensor data streams and supports geospatial fault visualization.;React.js, Node.js, PostgreSQL with TimescaleDB extension, MQTT protocol, Python with TensorFlow for anomaly detection models, Grafana for data visualization, AWS IoT Core, and Docker containers;Full-Stack Development with IoT Integration and Real-time Anomaly Detection in Transportation Infrastructure
Edge-Enabled Predictive Maintenance System for Smart Manufacturing Lines;This system collects real-time sensor data from industrial machinery using edge devices and applies locally deployed anomaly detection models to predict equipment failures. The backend aggregates edge insights and schedules adaptive maintenance tasks while providing secure machine-to-cloud synchronization for historical analytics. The workflow ensures minimal downtime by dynamically adjusting production schedules based on predictive alarms and maintenance readiness.;"Frontend: React.js with WebSocket for live monitoring; Backend: Node.js with Express, Kafka for event streaming; Edge AI: TensorFlow Lite on NVIDIA Jetson devices; Database: TimescaleDB; Containerization with Docker and Kubernetes for orchestration; MQTT for IoT communication";Frontend Development, Backend Development, IoT, Edge AI, Cloud Computing, Industrial Automation
Real-Time Structural Health Monitoring System for Bridges Using IoT and Edge Computing;This system segments structural health by processing sensor data collected in real-time from vibration and strain sensors embedded in bridge components. It uses edge computing devices deployed on-site to perform preliminary data filtering and anomaly detection, notifying maintenance teams when critical thresholds are exceeded. The web frontend visualizes live structural integrity metrics, historical trends, and event alerts for civil engineers and infrastructure managers.;"Frontend: React.js, D3.js; Backend: Node.js, Express, MQTT broker, PostgreSQL; IoT: ESP32 microcontrollers with accelerometers and strain gauges; Edge Computing: NVIDIA Jetson Nano; Deployment: Docker, AWS IoT Core";IoT-Enabled Infrastructure Monitoring Systems
Real-Time Wildlife Poaching Detection and Alert System Using Edge AI and Cloud Integration;This system employs edge AI-enabled cameras deployed in protected wildlife reserves to detect poaching activities through behavior analysis of animals and humans. The edge devices process video streams locally to minimize latency and send verified alerts along with evidence to cloud servers for further investigation and response coordination among park rangers. The backend orchestrates intelligent event prioritization, incident logging, and interactive mapping for rapid deployment of anti-poaching units.;"Frontend: React with LeafletJS for the interactive map; Backend: Node.js with Express.js and MQTT broker for device communication; Edge AI: NVIDIA Jetson Nano running YOLOv5 for real-time object detection; Cloud: AWS Lambda and DynamoDB for serverless event processing and database management";Frontend and Backend Development with Embedded AI and Cloud Computing
Predictive Maintenance Scheduler for Smart Manufacturing Lines;This system enables manufacturing engineers to receive real-time diagnostics from embedded sensors placed on critical machinery, leveraging edge computing to preprocess data for early detection of faults. A cloud-hosted backend aggregates data and runs machine learning models to predict equipment failures and optimally schedule maintenance, minimizing downtime while maximizing throughput. The frontend dashboard allows supervisors to visualize equipment health trends and automatically generate maintenance calendars with resource allocation forecasts.;React.js, Node.js, Python (TensorFlow), MQTT, Docker, AWS Lambda, Raspberry Pi with sensor arrays;Full Stack Development with Embedded Systems Integration and Cloud-based Predictive Analytics for Industrial Automation
Smart Microgrid Demand-Response Management System;The system optimizes electricity distribution by dynamically adjusting demand across households and small industries within a localized microgrid. It uses IoT sensors to monitor real-time consumption and back-end algorithms to manage load shedding or supply allocation, notified through a user-facing web dashboard. Industrial and residential users interact with the system to schedule flexible usage slots or request emergency power adjustments, ensuring grid stability and cost efficiency.;"Frontend: React.js with D3.js for dynamic usage visualization; Backend: Node.js with MQTT broker and TimescaleDB for time-series data; IoT: ESP32-based energy meters and relay controllers; Deployment: Docker containers orchestrated via Kubernetes on AWS; Communication: WebSockets for real-time updates.";Frontend Development, Backend Development, IoT Systems, Cloud Computing
Decentralized Incident Response Coordination Platform for Smart City Utility Networks;This platform enables real-time collaboration between municipal utility operators and emergency response teams through blockchain-secured messages and IoT device data streams. It predicts cascading utility failures by analyzing sensor inputs from street-level infrastructures and coordinates interventive workflows. The system ensures authenticated data exchange, task orchestration, and transparent audit trails to minimize service outages and public hazards.;"Frontend: React with WebSocket communication; Backend: Node.js with Express, Hyperledger Fabric blockchain network; IoT integration: MQTT protocol for sensor data ingestion; Database: Apache Cassandra for distributed time-series storage;";Frontend Web Development, Backend API Development, Blockchain Engineering, IoT Integration
Real-Time Construction Site Safety Monitoring and Alert System;A system to continuously monitor worker locations and hazardous zones on large construction sites using wearable IoT sensors communicating with an edge computing backend. The platform analyzes safety compliance and environmental factors in real-time, alerting supervisors through a web portal when risk thresholds are exceeded to prevent accidents before they occur.;"Frontend: React.js with WebSocket for real-time updates; Backend: Node.js with Express and MQTT broker; IoT: ESP32-based sensors with BLE for worker presence and environmental monitoring; Edge Computing: Raspberry Pi cluster processing sensor data on-site; Database: Time-series InfluxDB for sensor data storage; DevOps: Docker, Kubernetes; Security: TLS for data encryption and JWT-based authentication.";IoT-Enabled Construction Safety Systems
Adaptive Smart Irrigation System with Predictive Soil Moisture Management;The system integrates sensor-driven IoT devices in agricultural fields to monitor soil moisture and weather parameters in real time. A backend analytics engine applies time series modeling to predict optimal irrigation schedules, which are dynamically delivered to farmers via a responsive web interface. The system also employs edge computing on embedded gateways to process local data reliably and reduce latency in actuation commands.;React, Node.js, Express, MQTT, Python (TensorFlow + statsmodels), Raspberry Pi (Edge Computing), PostgreSQL, Grafana;Frontend Development, Backend Development, IoT, Embedded Systems, Edge Computing, Predictive Analytics
Decentralized Road Traffic Anomaly Detection and Alert System;This system monitors urban traffic conditions in real-time by aggregating data from distributed IoT sensor nodes embedded in road infrastructure. It identifies anomalous driving patterns and traffic congestions using edge-mounted AI models to minimize response latency. Alerts and visualization are provided to city traffic management operators through a custom web application, facilitating proactive interventions and dynamic traffic flow adjustments.;"Frontend: React, Redux, WebSocket API; Backend: Node.js with Express, MQTT broker for IoT messaging; Edge AI: TensorFlow Lite running on Raspberry Pi units; Database: Apache Cassandra for time-series data; Backend messaging via Kafka; Infrastructure: Kubernetes clusters on AWS for scalability and container orchestration.";Smart Cities, IoT, Edge AI, Cloud Computing, Real-time Data Processing
Adaptive Disaster Response Coordination Platform for Emergency Services;This system integrates real-time incident data from multiple agencies and uses geospatial analysis to coordinate resource allocation dynamically during natural disasters. The platform features a web frontend for commanders to adjust rescue parameters and a backend that processes telemetry from IoT-enabled drones and sensors deployed in the field. The architecture employs event-driven microservices for scalable data ingestion and a secure communication layer to ensure data integrity during high-demand situations.;React, Node.js (with Express), Apache Kafka, PostgreSQL with PostGIS extension, MQTT protocol, Docker, Kubernetes, Mapbox API, AWS Lambda, AES encryption, OpenStreetMap data;Full Stack Development with IoT Integration and Cloud Computing for Emergency Management Systems
Intelligent Drone Fleet Management and Real-Time Crop Health Monitoring System;This system enables agricultural cooperatives to deploy and manage fleets of autonomous drones that perform scheduled aerial inspections and deliver localized crop treatment. A backend analyzes multispectral data streams in real time using edge AI models deployed on drones, while the frontend provides agronomists with interactive geospatial visualizations and customizable treatment dispatch controls.;React with Mapbox GL for frontend, Node.js with Express and MQTT broker for backend communication, Python TensorFlow Lite for on-drone AI inference, PostgreSQL with PostGIS for spatial data management, AWS Lambda for scalable backend processing;Frontend Development, Backend Development, Embedded AI, IoT for smart agriculture
Dynamic Risk-Adaptive Access Control System for Industrial IoT Networks;This system continuously monitors real-time IoT device behavior and applies dynamic, risk-based access policies to prevent unauthorized control over critical industrial equipment. The backend employs streaming analytics and machine learning to evaluate device anomalies, while the frontend visualizes security states and allows security officers to adjust access thresholds on demand. The architecture integrates MQTT protocols for device communication and employs a microservices approach to isolate risk evaluation from user management modules.;Frontend: React.js with D3.js for visual analytics, backend: Node.js with Express, Python for anomaly detection models (scikit-learn), MQTT broker (Eclipse Mosquitto), Docker, Kubernetes for microservice orchestration, MongoDB for state persistence, Grafana for device metrics;IoT Security and Backend Development with AI-Driven Risk Management
Autonomous Urban Waste Collection Management Using IoT and Cloud Integration;This system optimizes municipal waste collection by integrating IoT sensors mounted on waste bins with a real-time backend route optimization engine. The platform predicts fill levels and dispatches autonomous collection vehicles accordingly, minimizing operational costs and environmental impact. Users include waste management operators and city planners who monitor system status and adjust policies through a mobile-first frontend dashboard.;"Frontend: React, Redux, Mapbox GL; Backend: Node.js, Express, MQTT broker for IoT message handling, PostgreSQL with PostGIS; Cloud: AWS Lambda for route optimization, AWS IoT Core; Embedded: ESP32-based bin sensors; Vehicle Integration: ROS communication; Containerization: Docker";Frontend Development, Backend Development, IoT Integration, Cloud Computing, Embedded Systems
Real-Time Intrusion Detection and Response Platform for Industrial Control Systems;This system continuously monitors network traffic within industrial environments to identify and autonomously respond to cyber threats targeting Operational Technology (OT) assets. It combines a backend anomaly detection engine that employs deep packet inspection with a responsive frontend visualization dashboard to alert security operators and initiate predefined mitigation workflows.;"Frontend: React, D3.js; Backend: Python Flask, Scapy for packet analysis; Database: InfluxDB for time-series data; Security: Suricata IDS integration; Infrastructure: MQTT for communication with OT devices";Cybersecurity, Industrial Automation
Real-Time Drone Fleet Coordination for Precision Agriculture;This system coordinates a fleet of autonomous drones to monitor crop health and manage pesticide spraying in large agricultural farms. It integrates drone telemetry data and field sensor readings to dynamically adjust flight paths and spraying zones based on real-time environmental conditions and crop stress indicators. The backend orchestrates multi-drone collaboration using distributed message queues, while the frontend visualizes live drone locations and farm analytics.;"Frontend: React with Mapbox GL for spatial visualization; Backend: Node.js with MQTT broker and Redis Streams for real-time communication; Drone communication firmware: Embedded C; Database: PostgreSQL with PostGIS extension; Cloud: AWS IoT Core for device management.";Frontend Development, Backend Development, IoT, Embedded Systems, Cloud Computing
Dynamic Route Optimization System for Last-Mile Cold Chain Deliveries;This system dynamically adjusts delivery routes for last-mile refrigerated trucks to minimize spoilage and energy consumption. Using real-time traffic data and IoT temperature sensors, the backend recalculates routes considering pallet-specific shelf life and cooling status. The frontend displays driver instructions and alerts, facilitating compliance with transport regulations and maintaining product quality.;React, Node.js with Express, PostgreSQL, MQTT protocol for IoT communication, Docker, Redis for caching, Mapbox APIs, and MQTT.js;Full-Stack Web Development with IoT integration and Geospatial Route Optimization
Real-Time Air Quality Anomaly Detection and Alert System for Urban Smart Cities;This project develops a system that collects live air quality data from a network of IoT sensors distributed throughout a city, analyzing the data in real-time to detect hazardous pollution levels or unusual patterns. The backend processes time-series data streams using edge computing techniques to reduce latency, sending instant alerts via the frontend to municipal authorities and citizens to enable rapid response. The architecture supports flooding the data to a cloud service for aggregation while relying on embedded firmware security measures to ensure data integrity.;"Frontend: React.js, WebSockets; Backend: Node.js with Express, Kafka Streams, Python for data processing; IoT: ESP32 microcontrollers with integrated gas sensors; Cloud: AWS Lambda, S3, IoT Core; Security: TLS, hardware-backed keys for sensor authentication";Frontend Development, Backend Development, IoT, Embedded Systems, Cloud Computing, Cybersecurity
Predictive Maintenance System for Industrial Conveyor Belts Using IoT and Cloud Analytics;This system continuously monitors vibration and temperature sensors installed on conveyor belts in manufacturing plants. It uses an edge device with real-time data preprocessing to detect abnormal patterns and sends aggregated insights to a cloud platform for advanced failure prediction. A web frontend visualizes belt health status and upcoming maintenance schedules for maintenance engineers to plan interventions proactively.;React.js, Node.js, MQTT, Raspberry Pi, Python (for edge processing), Azure IoT Hub, Azure Functions, PostgreSQL, D3.js;Frontend Development, Backend Development, IoT Integration, Cloud Computing, Data Analytics
Adaptive Crop Disease Prediction and Irrigation Optimization System;This system integrates IoT-based soil and plant health sensors with a backend AI engine to detect early signs of crop diseases and environmental stresses. It dynamically adjusts irrigation schedules via embedded irrigation controllers based on real-time sensor feedback and AI-driven disease prediction algorithms. Farmers receive actionable notifications through a responsive frontend portal enabling proactive field interventions. The architecture ensures edge processing for low-latency control combined with cloud-based analytic model updates.;React.js, Node.js with Express, TensorFlow.js, MQTT protocol, Arduino with soil moisture and multispectral sensors, AWS IoT Core, Docker;Frontend and Backend Development augmented with AI, IoT, and Embedded Systems
Real-Time Predictive Maintenance System for Industrial Robotic Arms;This system collects sensor data from robotic arms on the factory floor via embedded IoT devices to monitor operational parameters such as motor temperature, vibration, and load in real time. A backend service performs anomaly detection using time-series analysis models to forecast potential faults before failure occurs. The frontend provides technicians with interactive visualizations and maintenance scheduling calendars to proactively manage repairs and reduce downtime.;React.js, Node.js, Python (Flask), MQTT protocol, PostgreSQL, TensorFlow Lite, Docker, Raspberry Pi;Frontend Development, Backend Development, Embedded Systems, IoT, Machine Learning
AI-Powered Predictive Maintenance System for Smart Manufacturing Lines;This system continuously analyzes sensor data from manufacturing equipment to predict potential failures before they occur, enabling adaptive scheduling of repairs and reducing unplanned downtime. It incorporates an event-driven backend to process IoT data streams and a responsive frontend for operations managers to monitor real-time health analytics and action recommendations.;React.js, Node.js with Kafka streaming, Python for predictive models (scikit-learn), MQTT protocol for IoT sensor integration, Docker, PostgreSQL;Frontend Development, Backend Development, IoT, AI for predictive analytics, Cloud-based microservices
Predictive Maintenance Platform for Industrial HVAC Systems;This system collects streaming sensor data from HVAC equipment sensors installed in manufacturing plants to analyze operational patterns and predict potential failures before they occur. The backend employs time-series analysis and anomaly detection algorithms, while the frontend provides real-time visualization and maintenance scheduling for plant engineers and technicians. The solution integrates edge computing hardware to preprocess data locally, reducing latency and network usage.;"Frontend: React.js, D3.js for data visualization; Backend: Node.js with Express, Python Flask Microservices for AI models; AI: LSTM-based anomaly detection in TensorFlow; IoT: Raspberry Pi 4 with sensor arrays, MQTT protocol; Database: InfluxDB for time-series data; Cloud: AWS IoT Core and Lambda functions for event-driven processing";Industrial IoT and Predictive Maintenance Engineering with Full-Stack Development and Time-Series AI Analytics
Real-time Predictive Maintenance System for Industrial HVAC Units;The system continuously monitors sensor data from HVAC units in manufacturing plants to predict maintenance needs, preventing unexpected downtime. A backend utilizes time-series anomaly detection models to analyze temperature, vibration, and pressure inputs, triggering alerts through a user-friendly web dashboard. Frontend components visualize real-time equipment status combined with historical maintenance outcomes to assist facility managers and technicians in scheduling service efficiently.;"Frontend: React, D3.js, WebSocket; Backend: Python Flask, PostgreSQL, MQTT Broker, InfluxDB, TensorFlow; Deployment: Docker, AWS EC2; Sensors: IoT Edge Devices with Zigbee communication";Industrial Automation, IoT, Predictive Analytics, Full-stack Development
Predictive Maintenance and Fault Diagnosis System for Industrial CNC Machines;This system collects vibration and temperature sensor data from CNC machines and analyzes it using a backend-powered signal processing and machine learning pipeline to predict machine failures. The frontend visualizes real-time machine health metrics and alerts maintenance engineers to schedule interventions, reducing unplanned downtime. A secure WebSocket-based architecture enables low-latency streaming of sensor data from IIoT edge devices to cloud-hosted analytics services.;ReactJS, Node.js (Express), Python (SciPy, TensorFlow), MQTT, PostgreSQL, Docker, AWS IoT Core, WebSocket;Frontend and Backend Development, Industrial IoT, Machine Learning for Predictive Maintenance, Cloud-based Edge Integration
Real-Time Crop Disease Detection and Alert System Using Edge Computing and Drone Imagery;This system integrates drone-collected high-resolution images with an edge computing device deployed on farms to analyze crop health on-site. The backend processes multispectral data to detect early signs of diseases and nutrient deficiencies, sending real-time actionable alerts to farmers via a web-based frontend. The workflow enables prompt localized treatment, reducing loss without reliance on continuous cloud connectivity.;"Frontend: React.js with Leaflet.js for map visualization; Backend: Python Flask with OpenCV and TensorFlow Lite running on NVIDIA Jetson edge device; Communication: MQTT protocol for drone to edge and edge to server messaging; Database: PostgreSQL with PostGIS extension;";Agriculture Technology with Edge AI and IoT Integration
Real-Time Occupational Hazard Monitoring System for Construction Sites;This system integrates IoT sensors and mobile applications to track environmental hazards and worker biometrics in construction sites. It processes data in real-time to trigger alerts for conditions like toxic gas presence, excessive noise, and worker fatigue, preventing accidents. The backend manages sensor data streams and alert prioritization, while the frontend displays site hazard maps and worker statuses for safety managers.;"Frontend: React Native, Mapbox; Backend: Node.js with WebSocket, MQTT Broker; IoT: ESP32 sensors for gas, noise, biometric data; Database: TimescaleDB; Deployment: DigitalOcean using Docker containers";IoT-enabled Real-Time Monitoring with Mobile Frontend and Event-Driven Backend for Construction Worker Safety
Predictive Maintenance System for Smart Manufacturing Equipment Using Edge Devices;This system collects real-time sensor data from manufacturing machines via IoT edge devices, processes the data locally using embedded systems to detect anomalies, and sends alerts to maintenance teams through a responsive web dashboard. The backend integrates time-series analysis algorithms deployed on edge nodes to predict potential equipment failures, reducing downtime and improving operational efficiency.;"Frontend: React with TypeScript and D3.js for real-time data visualization; Backend: Node.js with Express, MQTT broker for device communication, InfluxDB for time-series data storage; Embedded: ARM Cortex-M microcontrollers programmed with C++; AI: Lightweight anomaly detection algorithms deployed on edge devices";IoT & Embedded Systems with Real-time Data Analytics in Manufacturing Automation
Dynamic Energy Consumption Forecasting and Demand Response Platform for Smart Grids;The system enables utility companies to predict short-term energy consumption patterns using IoT sensor data combined with cloud-based AI models, facilitating dynamic demand response actions. End users are grid operators who interact with a real-time interactive frontend, while backend microservices aggregate distributed sensor feeds and optimize energy dispatch schedules to reduce peak loads. It integrates fluctuating renewable generation forecasts to adjust responses automatically, enabling adaptive grid balancing.;React.js for frontend development with live data visualization, Node.js with Express and Kafka for scalable backend microservices, Python with TensorFlow running on AWS Lambda for consumption prediction models, MQTT for real-time IoT sensor communication, and PostgreSQL for time-series data storage;Frontend Development, Backend Development, IoT, Cloud Computing, AI, Large Scale Distributed Systems
Blockchain-Enabled Secure Voting System with Real-Time Identity Verification;This system enables transparent and tamper-proof electronic voting by incorporating a blockchain ledger for vote recording and verification. Voters undergo live facial recognition authentication through a frontend application, linked to backend smart contract execution to validate and tally ballots securely. An energy-efficient microservice-based backend ensures scalability during peak voting times without central authority relying solely on cloud infrastructure.;React.js, Node.js with Express, Hyperledger Fabric, Python Flask, TensorFlow for facial recognition, Docker, AWS Lambda, PostgreSQL;Frontend and Backend Development, Blockchain Integration, AI-Powered Biometric Authentication, Cloud Microservices
Predictive Maintenance Platform for Industrial Robotics Using Real-Time Sensor Data;This system collects continuous sensor data from industrial robotic arms via embedded edge devices, uses cloud-based microservices to analyze mechanical wear patterns, and predicts component failures ahead of time to schedule maintenance. Factory engineers access a frontend dashboard displaying current health scores, failure risk levels, and recommended actions, enabling proactive intervention and minimizing downtime.;"Frontend: React with D3.js for dynamic data visualization; Backend: Node.js with Express and Kafka for stream processing; Embedded Systems: ARM Cortex-M microcontrollers collecting vibration and temperature data via IoT protocols (MQTT); Cloud: AWS Lambda for analytics and RDS for storing historical sensor data";Industrial Automation, IoT, Cloud Computing, Predictive Analytics, Embedded Systems
AI-Powered Wildfire Early Detection and Alert System with Edge Computing;Develop a decentralized system deploying edge IoT sensor nodes that monitor environmental conditions such as temperature, humidity, and gas levels to detect early signs of wildfires. Data is processed locally using lightweight AI models to identify suspicious patterns, triggering immediate alerts through a secure backend messaging service to forestry officials and local emergency responders via a web and mobile interface.;"Frontend: React with WebSocket for real-time alerts; Backend: Node.js with MQTT broker for edge communication; AI: TensorFlow Lite models for on-device anomaly detection; IoT: Raspberry Pi sensor nodes with temperature, humidity, and smoke sensors; Cloud: AWS IoT Core for ingestion; Security: TLS encryption and OAuth 2.0 for data and user access";Embedded Systems, IoT, AI Integration, Secure Real-Time Event Processing
Real-Time Predictive Maintenance System for Industrial HVAC Units;This project implements a web-based platform for monitoring and predicting failures in industrial HVAC systems using sensor data streamed from embedded devices. It combines frontend visualization dashboards with a backend that processes IoT data and applies edge computing algorithms for anomaly detection to schedule timely maintenance, reducing unplanned downtime. The system architecture utilizes event-driven microservices for scalability and integrates secure device authentication mechanisms.;React, Node.js, MQTT, Python (for edge processing), MongoDB, Docker, Kubernetes, WPA2-Enterprise, Grafana;IoT & Embedded Systems with Cloud Microservices Architecture
Autonomous Drone Fleet Management Platform for Precision Crop Monitoring;This system enables agricultural operators to remotely plan, schedule, and monitor autonomous drone missions for real-time crop health assessment. It integrates multi-spectral image processing on the backend with live telemetry and adaptive flight path control on the frontend. The platform supports task prioritization based on environmental data and utilizes cloud-based processing for scalability and historical trend analysis.;"Frontend: React.js with WebSocket for real-time UI updates; Backend: Node.js with Express and MQTT broker for drone communication; AI: TensorFlow for image analysis and anomaly detection; Cloud: AWS Lambda for scalable processing, AWS S3 for data storage; Embedded Systems: Custom firmware on drones using STM32 MCUs; Communication: 4G LTE modules with fallback mesh network protocols.";Embedded Systems Engineering, Cloud Computing, AI for Image Analysis, Frontend and Backend Web Development
Distributed IoT-based Environmental Hazard Monitoring and Alert System for Urban Areas;This project integrates a network of embedded IoT sensors deployed throughout city zones to continuously measure air quality, noise levels, and vibration patterns indicative of structural faults. Data collected are transmitted via MQTT to a cloud backend that performs real-time anomaly detection using signal processing algorithms and triggers alerts to municipalities and citizens through a responsive frontend app. The system provides actionable insights with geospatial visualization while maintaining secure, encrypted communication between devices and services.;"Frontend: React with Mapbox GL JS; Backend: Node.js (Express) with MQTT broker and PostgreSQL PostGIS; Embedded: ESP32 microcontrollers with embedded C firmware; Cloud: AWS IoT Core, Lambda functions; Security: TLS encryption and JWT authentication";Frontend Development, Backend Development, IoT Embedded Systems, Cloud Computing, Cybersecurity
Real-Time Adaptive Traffic Signal Control for Smart Cities Using Edge IoT and Microservices;This system adjusts urban traffic signals dynamically based on live data collected from networked IoT sensors embedded in intersections and roadways. It employs edge computing devices to preprocess data with low latency and a microservices backend to coordinate traffic patterns, balancing flow and reducing congestion strategically across multiple junctions. Traffic engineers can visualize analytics via an interactive frontend and configure adaptive control strategies tailored per district.;"Frontend: React with D3.js; Backend: Node.js Express microservices using RabbitMQ for inter-service communication; Edge Devices: Raspberry Pi running Python for local inference; Database: MongoDB; IoT Sensors: Zigbee-based vehicle and pedestrian detectors; Visualization: Grafana for traffic metrics; Deployment: Kubernetes cluster on AWS EKS";Frontend Development, Backend Development, IoT Integration, Edge Computing, Microservices Architecture, Cloud Deployment
Distributed Smart Grid Load Balancing and Anomaly Detection System;This system monitors and manages electric loads across a smart grid in real-time using edge computing devices combined with a cloud-based control center. It detects consumption anomalies indicative of equipment faults or unauthorized usage through distributed signal processing and emergent pattern analysis. The platform allows grid operators to dynamically balance loads and prevent failures while providing visualization tools for consumption forecasting and incident triage.;"Frontend: React, D3.js; Backend: Node.js with MQTT broker, Apache Kafka; Edge Devices: Raspberry Pi running custom Python scripts; AI: TensorFlow for anomaly detection models; Cloud: AWS IoT Core and Lambda functions; Database: TimescaleDB";Frontend Development, Backend Development, Internet of Things (IoT), Cloud Computing, Embedded Systems, Machine Learning
Real-Time Pipeline Integrity Monitoring and Anomaly Detection System;This system monitors high-pressure oil and gas pipelines using distributed IoT sensors detecting temperature, pressure, and vibration data in real-time. The backend processes and analyzes the sensor streams to identify abnormalities indicative of leaks or weld failures using time series anomaly detection algorithms. A web-based frontend provides live visualization of pipeline conditions integrated with geographical mapping and alert management for operations teams.;"Frontend: React with D3.js for real-time visualization; Backend: Python Flask with Kafka for streaming data ingestion; IoT: ARM Cortex-M microcontroller-based sensor nodes with NB-IoT connectivity; Database: InfluxDB for time-series data; Anomaly Detection: Facebook Prophet and LSTM models; DevOps: Docker and Kubernetes on AWS";Embedded Systems, IoT, Cloud Computing, Backend Development, Frontend Development
Decentralized IoT Network for Adaptive Smart Street Lighting;This system implements a peer-to-peer mesh network of IoT-enabled street lamps that dynamically adjust illumination based on pedestrian and vehicular movement detected via embedded sensors. The backend manages decentralized communication protocols ensuring real-time lighting renders with minimal latency. The frontend provides municipal operators with energy consumption analytics and manual override controls through an interactive map-based UI.;React, Node.js with WebSocket and MQTT, Rust Embedded MCU firmware, PostgreSQL, Docker, AWS IoT Core, Mapbox GL;Frontend Development, Backend Development, IoT, Embedded Systems, Cloud Computing
Real-Time Wildlife Poacher Detection and Response System;This system integrates IoT sensor networks deployed in protected wildlife reserves with a backend AI module for anomaly behavior detection using vibration, sound, and infrared data. The frontend web app provides rangers with immediate alerts, mapping real-time intrusions and coordinating rapid response deployment through mobile communications. The backend combines stream processing and edge computing to optimize sensor data reliability and event accuracy under low-connectivity conditions.;React, Node.js, MQTT, Apache Kafka, TensorFlow, PostgreSQL, AWS Greengrass, Mapbox API;Frontend and backend development with IoT integration, real-time streaming analytics, AI edge inference, and geospatial alert visualization for wildlife security
Decentralized Vehicular Ad Hoc Network (VANET) Traffic Signal Optimization System;The system integrates embedded IoT devices installed on vehicles and traffic lights to dynamically optimize traffic signal timings based on real-time vehicle density and movement data. It uses a backend event-driven microservice architecture to analyze incoming messages from the VANET, adapt signal phases, and reduce congestion without manual intervention. The frontend visualizes live traffic conditions and signal phases, allowing traffic controllers to intervene if necessary.;"Frontend: React with WebSocket for real-time data visualization; Backend: Node.js with Apache Kafka for event streaming and microservices; Embedded Systems: Raspberry Pi with DSRC transceivers for vehicular communication; Database: Apache Cassandra for time-series data storage; Communication protocol: IEEE 802.11p for VANET; Deployment: Docker with Kubernetes on cloud VMs";Frontend Development, Backend Development, Embedded Systems, IoT, Cloud Computing
Real-Time Container Condition Monitoring and Route Optimization System;This project develops an integrated IoT and backend analytics platform that monitors perishable goods inside shipping containers by tracking temperature, humidity, and vibrations throughout transit. A web-based portal enables logistics managers to receive alerts and dynamically adjust delivery routes using real-time sensor data combined with traffic and weather APIs to minimize spoilage risks and transit time.;React.js, Node.js with Express, MongoDB, MQTT Protocol, Arduino with sensors (temperature, humidity, accelerometer), Google Maps API, Docker;Frontend Development, Backend Development, Internet of Things, Cloud Computing
Predictive Maintenance and Anomaly Detection System for Industrial HVAC Equipment;This system continuously monitors HVAC units in manufacturing plants via IoT sensor data to detect early signs of mechanical failure. A backend processes real-time and historical sensor streams to identify anomalous patterns using time-series machine learning models. The frontend provides maintenance engineers with visualizations of equipment status and alerts prioritized risk factors for targeted inspections and repairs.;React, Node.js with Express, MongoDB for time-series storage, MQTT for IoT data ingestion, TensorFlow.js for anomaly detection, RabbitMQ for event processing;Frontend Development, Backend Development, IoT Integration, Machine Learning for Industrial Systems
Decentralized Real-time Crop Disease Surveillance and Alert System for Smallholder Farmers;This system integrates a React frontend with a Node.js backend communicating via WebSocket for real-time alerts. IoT-enabled smart cameras attached to crop fields capture images, locally processed using embedded Linux devices with TensorFlow Lite for early disease detection. Detected anomalies trigger geotagged multimedia alerts to farmer dashboards and cooperative managers through an IPFS-based decentralized network, ensuring data integrity and fault tolerance in rural setups.;React, Node.js, WebSocket, TensorFlow Lite (embedded), Raspberry Pi with camera modules, IPFS, MongoDB;Agricultural IoT and Edge Computing with Real-time Distributed Systems
Decentralized Smart Contract System for Peer-to-Peer Renewable Energy Trading;This system enables residential energy producers to trade surplus solar power directly with local consumers through automated, tamper-proof smart contracts on a blockchain network. The platform includes a real-time energy generation and consumption monitoring frontend, a backend handling decentralized ledger transactions, and an embedded IoT module interfaced with smart meters for validated energy data. The workflow ensures secure, transparent, and autonomous energy exchanges without intermediaries, settling payments via cryptocurrency.;React.js, Node.js, Solidity, Ethereum Blockchain, Web3.js, MQTT, Raspberry Pi with custom smart meter firmware, MongoDB, Express.js;Frontend Development, Backend Development, Embedded Systems, Blockchain Technology, IoT Integration
Decentralized Multi-modal Traffic Violation Detection and Automated Citation System;This system utilizes edge computing embedded devices combined with cloud-based processing to detect and verify traffic violations in real-time across multiple vehicle types using camera feeds and sensor data. An adaptive backend engine employs blockchain for immutable citation records and automated dispute handling with legal administrators. The frontend provides layered access for law enforcement officers, traffic supervisors, and violating drivers, enabling real-time alerts, payment of fines, or challenge submissions.;"Frontend: React with WebSockets for live updates; Backend: Node.js with NestJS framework; Edge Devices: NVIDIA Jetson Nano for video processing using OpenCV; Blockchain: Hyperledger Fabric; Database: MongoDB; Cloud Platform: AWS Lambda; Communication Protocol: MQTT for IoT devices";Full Stack Development with Embedded Systems, Edge AI, Blockchain Integration, and Cloud Microservices for Intelligent Transportation Security
Adaptive Supply Chain Risk Prediction and Alert System for Perishable Goods;This project builds a distributed system that uses real-time sensor data from IoT-enabled shipping containers combined with machine learning models to predict risks such as temperature excursions or delay risks impacting perishable food shipments. It processes backend event streams to generate dynamic alerts and rerouting suggestions, presented through an interactive frontend map targeted at logistics coordinators. Multi-layered microservices architecture handles data ingestion, risk evaluation, and notifications to maintain shipment integrity and reduce spoilage costs.;"React for frontend UI; Node.js with NestJS framework for backend API and microservices; Kafka for real-time sensor data streaming; Python with TensorFlow for developing time-series risk prediction models; Docker and Kubernetes for container orchestration; MQTT protocol for IoT data transmission; PostgreSQL and Redis for data storage and cache.";Full-stack Development with Cloud-Oriented Microservices, IoT Integration for Logistics, Time-Series AI Analytics
Real-Time IoT-Enabled Environmental Noise Pollution Monitoring and Alert System;This system integrates IoT-based noise sensors deployed across urban areas with a web platform that processes and visualizes noise levels in real time, triggering alerts when pollution thresholds are exceeded. The backend aggregates data streams using MQTT and applies geographic filtering, while the frontend provides locality-specific sound maps and community reporting channels. This solution assists city officials and residents in actively managing and mitigating environmental noise pollution.;"Frontend: React with Mapbox GL for geographical data visualization; Backend: Node.js with Express, MQTT Server for sensor data ingestion; Database: Time-series optimized InfluxDB; IoT Devices: ESP32 with analog microphones; Deployment: Docker containers on AWS EC2 instances";Frontend Development, Backend Development, IoT, Cloud Computing
Intelligent Rainwater Harvesting Management System for Urban Buildings;This system integrates IoT-enabled sensors to monitor rainwater accumulation and building-specific water consumption, coupled with a dynamic web frontend for facility managers to optimize storage and distribution. The backend applies predictive algorithms to forecast rainfall and adjust harvesting schedules accordingly, reducing dependency on municipal water supply. It features real-time alerts and usage analytics tailored to multiple buildings within a smart city framework.;React.js, Node.js with Express, PostgreSQL, MQTT protocol, AWS IoT Core, Python for predictive modeling;Frontend Development, Backend Development, IoT Integration, Cloud Computing
Adaptive Traffic Signal Optimization Using Edge AI for Urban Smart Intersections;This system integrates real-time video streams from smart cameras at multiple urban intersections to dynamically adjust traffic signal timings based on vehicle flow patterns and pedestrian movement detected by embedded edge AI modules. The backend employs microservices deployed on Kubernetes to aggregate sensor data and feed into a reinforcement learning model for signal control optimization, while the frontend provides city traffic operators with an interactive visualization and manual override console.;React, WebSocket, TensorFlow Lite (Edge AI), Node.js, Express, Docker, Kubernetes, Redis, PostgreSQL, OpenCV, MQTT;Frontend and Backend Development with Embedded AI, Cloud Microservices, and IoT Integration in Smart City Traffic Management
Predictive Maintenance System for Industrial Pumps Using Edge IoT and Cloud Analytics;This system collects vibration, temperature, and pressure data from industrial pumps via IoT edge devices with embedded signal processing to detect anomalies in real-time and reduce false alerts. Backend services aggregate and analyze this data using time-series and machine learning models deployed on a cloud platform to predict failures and schedule optimal maintenance windows.;React.js, Node.js with Express, MQTT protocol, ESP32 microcontrollers with embedded C++, InfluxDB, AWS Lambda and SageMaker for model deployment, Grafana for visualizing pump health metrics;Full-stack developer with IoT and Cloud computing, including embedded systems programming, real-time data streaming, and predictive analytics implementation
Distributed Drone Fleet Management and Real-Time Payload Optimization System;This system controls a fleet of delivery drones, coordinating dynamic flight paths to multiple urban zones while continuously optimizing payload balancing and battery consumption through real-time sensor telemetry analysis. It employs a microservices-based backend integrated with edge computing modules on drones that handle onboard obstacle detection and route recalculation. The frontend provides operators live mission tracking with interactive map controls and alert systems for technical anomalies or airspace conflict.;"Frontend: React with Mapbox GL for spatial visualization; Backend: Node.js with Kafka for distributed message handling and microservices; Edge Computing: Raspberry Pi 4 modules with OpenCV for onboard sensor processing; Communication: MQTT protocol for low-latency telemetry streaming; Database: TimescaleDB for time-series flight data analytics.";Frontend and Backend Development with Embedded Systems and IoT, focusing on real-time distributed systems, spatial data processing, and autonomous aerial robotics coordination.
Predictive Maintenance System for Industrial Robotics Using Real-Time Sensor Streaming;This project develops a system that collects and analyzes real-time sensor data from industrial robotic arms to predict potential mechanical failures before they occur. It combines edge computing for initial data filtering with a backend that applies time-series anomaly detection algorithms to schedule optimized maintenance. Factory floor managers can monitor equipment health via an interactive web interfacedashboard that visualizes alerts and maintenance history.;"Frontend: React.js with D3.js for real-time visualization; Backend: Node.js with MQTT broker and Python Flask microservice running LSTM-based anomaly detection; Database: InfluxDB for time-series data; IoT: ESP32 microcontrollers for sensor data capture; Containerization: Docker";Industrial Automation, IoT Integration, Predictive Analytics, Full-Stack Web Development
Real-Time Construction Site Safety Monitoring and Incident Prediction System;This system integrates IoT wearable sensors and edge computing to monitor construction workers' vital signs and environmental hazards in real-time. It collects data on worker body temperature, location, and gas concentrations, analyzes patterns using on-site ML models to predict potential incidents like heatstroke or gas leaks, and promptly notifies safety supervisors through a React-based dashboard. Alerts are securely managed via a Node.js backend with MQTT communication for reliable sensor data ingestion.;React, Node.js, MQTT, TensorFlow Lite, Docker, InfluxDB, Raspberry Pi (edge gateway), AWS EC2, WebSocket;Full Stack Development with IoT Integration and Edge Machine Learning in Construction Safety
Intelligent Fleet Energy Management System for Electric Public Transportation;This system optimizes battery usage and charging schedules for a fleet of electric buses by integrating real-time telemetry data from embedded IoT sensors installed in each vehicle. The backend applies dynamic route and energy consumption models to balance operational efficiency and grid load, while the frontend provides transit operators with predictive analytics and charging alerts. The architecture uses event-driven microservices communicating via MQTT and REST APIs combined with time-series databases for sensor data storage.;"Frontend: React with D3.js for data visualization; Backend: Node.js with Express.js, Python for energy optimization algorithms; Database: InfluxDB for telemetry, PostgreSQL for operations; IoT: ESP32 microcontrollers with MQTT messaging; Cloud: AWS IoT Core and Lambda for scalable data ingestion and processing.";Frontend Development, Backend Development, IoT Integration, Embedded Systems
Predictive Maintenance Scheduler for Wind Turbine Farms Using Edge AI and Cloud Orchestration;This system collects real-time sensor data from wind turbines using embedded IoT devices deployed on-site. An edge AI module locally analyzes vibration and temperature patterns to predict potential failures, triggering adaptive maintenance schedules coordinated through a cloud-based orchestration backend. The frontend provides plant managers with interactive, geospatial visualizations of turbine health and maintenance windows, optimizing operational uptime.;"Frontend: React.js, D3.js; Backend: Node.js with Express, MQTT broker, AWS Lambda; Edge AI: TensorFlow Lite on NVIDIA Jetson Nano; IoT: custom embedded C on ESP32 sensors; Infrastructure: AWS IoT Core, DynamoDB; GIS rendering: Mapbox GL JS";Frontend Development, Backend Development, IoT, Edge AI, Cloud Computing
Real-Time Environmental Hazard Detection and Notification System for Smart Cities;This system integrates IoT sensor networks deployed across urban areas to continuously monitor air quality, noise levels, and radiation then propagate alerts to relevant city officials and citizens via a customized mobile and web interface. The backend processes sensor data streams with event-driven microservices hosted on a cloud platform and triggers rule-based alarms for anomaly detection. The frontend provides dynamic visualizations and asset management for public safety coordinators to prioritize interventions rapidly.;"Frontend: React.js, D3.js for real-time data visualization; Backend: Node.js, Apache Kafka for event streaming, MongoDB for time-series data storage; IoT Devices: Arduino with gas and radiation sensors; Cloud: AWS Lambda, AWS SNS for notifications; Communication: MQTT protocol";Frontend Development, Backend Development, Cloud Computing, IoT Integration in Smart City Infrastructure
Decentralized Blockchain-Based Engine Maintenance Validation for Aerospace Fleet Management;This system enables aerospace technicians and engineers to record engine maintenance activities using a blockchain ledger, ensuring immutable provenance and compliance audit trails. The frontend provides an interface for real-time reporting and verification of maintenance events, while the backend handles consensus, smart contract execution, and cryptographic verification to guarantee trust between multiple airlines and regulatory bodies.;React, Node.js, Express, Ethereum Smart Contracts (Solidity), IPFS for decentralized storage, Web3.js, PostgreSQL;Full Stack Development with Blockchain Integration for Aerospace Industrial Applications
Decentralized Demand-Response System for Smart Grid Energy Management;This project implements a decentralized web application enabling residential energy consumers to participate in real-time demand-response programs. Users receive dynamic price signals to adjust appliance usage via IoT-enabled smart plugs controlled through the frontend, while the backend manages energy consumption balancing using blockchain technology to record transactions securely and transparently. The system optimizes grid load without relying on centralized authorities, ensuring resilience against data manipulation.;React, Node.js, MongoDB, Ethereum Smart Contracts (Solidity), MQTT Protocol, Raspberry Pi IoT Devices;Frontend Development, Backend Development, IoT Integration, Blockchain Development
Real-Time Emergency Response Coordination Platform for Urban Ambulance Dispatch;This system integrates a frontend interface for emergency operators and a backend service that dynamically routes ambulances based on live GPS tracking, traffic data, and hospital capacity statuses. The platform uses web sockets for real-time communication, enabling dispatchers to coordinate multiple incidents simultaneously while optimizing routes for shortest arrival times. Additionally, predictive analytics forecast ambulance availability using historical demand patterns to proactively position vehicles across the city.;React, Node.js, WebSocket, PostgreSQL with PostGIS extension, Mapbox API, Docker, Python for analytics, Redis for caching;Full-stack Web Development with Real-time Systems and Geospatial Data Handling for Urban Healthcare Logistics
Predictive Maintenance System for Smart Manufacturing Using Edge AI and Real-time Sensor Stream Processing;Develop a system that collects vibration and temperature data from machinery via embedded IoT sensors to predict equipment failures before breakdowns occur. Edge devices preprocess sensor streams using lightweight AI models and forward anomaly alerts to a cloud-based backend for historical analytics and maintenance scheduling. The frontend enables maintenance engineers to visualize real-time machine health and schedule interventions targeting reduction of unplanned downtime.;React.js, Node.js (Express), Python (TensorFlow Lite on Edge Devices), MQTT, InfluxDB, Grafana, AWS Lambda, Docker;Embedded Systems, Edge AI, Cloud Computing, Real-time Data Processing, Industrial IoT
Real-time Predictive Maintenance Platform for Industrial CNC Machines;This project implements a full-stack solution to monitor CNC machine sensor data through IoT edge devices. It performs real-time vibration and temperature analysis to predict potential machine failures and automatically schedules maintenance windows to reduce unplanned downtime. The system visualizes machine states and health forecasts on a live frontend while securely storing operational data with access controls.;"Frontend: React.js, D3.js; Backend: Node.js with Express, MQTT Broker; IoT: Raspberry Pi with vibration and temperature sensors, MQTT protocol; Database: InfluxDB for time-series data; Predictive Analytics: Python Flask microservice running an LSTM model for anomaly detection; Security: JWT-based authentication, HTTPS";Industrial Automation, IoT Systems, Predictive Analytics, Full-stack Development
Adaptive Fleet Routing and Condition Monitoring System for Cold Chain Logistics;This system optimizes routing for refrigerated transport vehicles while continuously monitoring cold storage conditions using IoT sensors to ensure product integrity. The backend dynamically recalculates routes based on real-time traffic data and temperature anomalies. Frontend interfaces enable dispatchers to track shipments, receive automated alerts, and adjust delivery schedules accordingly.;React, Node.js with Express, MongoDB, MQTT protocol for IoT communication, Redis for caching routing data, Mapbox API for navigation, Raspberry Pi embedded devices with temperature and humidity sensors;Full-stack Web Development with Embedded Systems Integration and Cloud-based Real-time Data Processing for Logistics
Smart Energy Demand Response Management System for Residential Microgrids;This system enables real-time coordination of energy consumption in residential microgrids by dynamically adjusting appliance usage schedules based on fluctuating energy prices and local grid status. It integrates embedded IoT sensors on home appliances with a backend that optimizes energy allocation through predictive models, ensuring cost savings while maintaining user comfort. The frontend provides users with transparency and override controls in an intuitive interface.;"Frontend: React with TypeScript, WebSockets for real-time updates; Backend: Node.js REST API with Express, Python Flask for energy optimization engine; IoT: ESP32 microcontrollers with MQTT protocol; Database: InfluxDB for time-series energy data; Cloud: AWS IoT Core for device management; Energy modeling: Python libraries (Pandas, SciPy)";Energy Systems Engineering, Embedded Systems, Real-time Systems, Frontend and Backend Development, Cloud IoT Integration
Adaptive Route Optimization and Cargo Integrity Monitoring System for Cold Chain Logistics;This system monitors temperature-sensitive shipments in real-time using IoT sensors embedded in containers, ensuring cargo integrity throughout the transport process. The backend dynamically adapts delivery routes based on traffic, weather, and temperature data to minimize spoilage risk and delays. Users, including logistics operators and fleet managers, interact via a frontend dashboard showing current shipment status, alerts, and rerouting suggestions using geospatial visualization.;"Frontend: React.js with Mapbox GL for live geospatial rendering; Backend: Node.js with Express for API handling, PostgreSQL with PostGIS for route and spatial data, Kafka for real-time sensor data streams; IoT: ARM-based sensor nodes with MQTT protocol; Routing algorithms implemented in Python microservices; Cloud: AWS Lambda for serverless computation";Transportation Logistics Engineering with IoT Integration and Geo-Spatial Routing Solutions
Real-Time Indoor Air Quality Management System for Smart Buildings;This system monitors and controls indoor air quality by integrating IoT sensor networks with backend analytics to optimize HVAC operation in real time. Users such as facility managers receive actionable alerts through a responsive frontend interface reflecting air composition, occupancy, and ventilation status. An adaptive control algorithm dynamically adjusts ventilation to maintain comfort while minimizing energy consumption.;"Frontend: React with Redux and D3.js for realtime visualizations; Backend: Node.js with Express and MQTT broker integration; Database: TimescaleDB for sensor time-series data; IoT: ESP32-based air quality sensor nodes; Cloud: AWS IoT Core and Lambda functions";Frontend Development, Backend Development, Internet of Things (IoT), Cloud Computing
Intelligent Energy Consumption Optimization for Smart-commercial Buildings;A system that integrates IoT-based power and environmental sensors with a backend analytics engine to monitor and optimize real-time electrical usage in commercial buildings. The frontend dashboard visualizes energy patterns and recommender system outputs to facility managers, facilitating automated dynamic load adjustments and predictive maintenance. The backend coordinates sensor data processing, rule-based decision systems, and progressive energy-saving actions to enhance operational efficiency and lower utility costs.;React, Node.js (Express), MQTT, PostgreSQL, Python (Pandas & SciPy), Docker, Grafana;Frontend Development, Backend Development, IoT, Cloud Computing, Data Analytics
Adaptive Energy Demand Response for Smart Grid Residential Management;This system monitors real-time household energy consumption through IoT sensors and predicts peak load events using backend time-series analysis. It dynamically controls smart appliances via frontend user interfaces to optimize demand response and reduce energy costs while preserving user comfort levels. The platform ensures encrypted communication and role-based access considering cybersecurity constraints of critical infrastructure.;React.js, Node.js, Express, PostgreSQL, MQTT, Python (for forecasting algorithms), Docker, JWT, TLS/SSL;Frontend Development, Backend Development, IoT, Cybersecurity, Cloud Computing
AI-Driven Real-Time Crop Disease Prediction and Alert System;This system integrates field sensor data and drone imagery to detect early signs of crop diseases using convolutional neural networks. It provides farmers with immediate mobile alerts and optimized treatment recommendations based on infection severity and location. The platform handles continuous data streaming and supports multiple farm zones with customizable thresholds for alert precision.;React.js, Node.js with Express, TensorFlow.js, MQTT protocol, PostgreSQL, AWS IoT Core, Docker, OpenCV;Frontend and Backend Development with AI and IoT Integration for Smart Agriculture
Real-Time Structural Health Monitoring and Predictive Maintenance System for Urban Bridges;This project develops an IoT-enabled monitoring system that collects vibration and strain data from embedded wireless sensors on bridges. A cloud-based backend processes data streams with machine learning models to predict structural fatigue and schedule timely maintenance. The frontend visualizes health status and alert notifications for civil engineers through interactive graphs and geospatial mappings.;React.js, Node.js, Express, MQTT, Python, TensorFlow, AWS IoT Core, PostgreSQL, Grafana, Docker;Frontend Development, Backend Development, IoT, Cloud Computing, Embedded Systems, Predictive Analytics
Adaptive Incident Response System for Urban Traffic Signal Failures;This system monitors and analyzes real-time data from IoT-embedded traffic signals to detect malfunctions and dynamically adjust surrounding signal timings. Upon identifying failures, the backend computes optimal rerouting strategies for traffic flow using a cloud-based microservices architecture, enhancing urban traffic resilience. The frontend provides live visualization and control panels for city traffic operators to intervene when necessary.;"Frontend: React with WebSockets for live updates; Backend: Node.js with Express, Kafka for event streaming; IoT: ARM Cortex-M microcontrollers with MQTT protocol for sensor communication; Cloud: AWS Lambda and DynamoDB for serverless processing and data storage; GIS integration via Mapbox API";Frontend Development, Backend Development, IoT Integration, Cloud Computing, Event-Driven Architecture
Predictive Maintenance System for Wind Turbine Farms Using IoT and Cloud Analytics;This project develops an integrated platform that collects real-time sensor data from wind turbines using embedded IoT devices. It processes the data in the cloud to predict mechanical failures through time-series anomaly detection, offering actionable maintenance schedules to operation engineers via a web dashboard. The platform reduces downtime and extends turbine lifespan by enabling condition-based maintenance.;"Frontend: React.js, D3.js; Backend: Node.js with Express, Python for analytics microservices; IoT: ARM Cortex-M sensors, MQTT protocol; Cloud: AWS IoT Core, AWS Lambda, AWS S3; Database: TimescaleDB";Embedded Systems, IoT, Cloud Computing, Frontend and Backend Web Development, Predictive Analytics
Decentralized Secure Contract Verification for Construction Projects;This system enables real-time verification and validation of construction contracts and change orders using blockchain to establish immutability and trust among multiple stakeholders. Field engineers, contractors, and project managers interact through smart contracts that automatically trigger payments and compliance checks based on verified milestones. The backend processes cryptographic proofs and stores data on a private blockchain network, while the frontend provides an intuitive interface for negotiation, tracking, and dispute resolution.;React, Node.js with Express, Hyperledger Fabric, Solidity for smart contracts, PostgreSQL, Web3.js, Docker, Go, TLS encryption;Frontend Development, Backend Development, Blockchain Integration, Smart Contract Programming, Secure Distributed Systems
Smart Hazard Detection and Alert System for Construction Sites;This system integrates embedded IoT sensors and machine learning on the backend to monitor structural stress, gas leaks, and worker elevation in real-time at construction sites. The frontend provides site managers with interactive 3D visualizations and automated hazard alerts to proactively prevent accidents. Data from wearable devices and fixed-edge sensors are processed using event-driven microservices deployed on cloud infrastructure for scalability.;React.js, Node.js with Express, MQTT protocol, TensorFlow.js for anomaly detection, AWS IoT Core, PostgreSQL TimescaleDB, C/C++ for embedded sensor firmware, Grafana for real-time dashboards;Frontend Development, Backend Development, Embedded Systems, IoT, Cloud Computing
Smart Flood Prediction and Response System Using IoT and Cloud Services;This system integrates IoT sensors deployed in urban waterways to continuously monitor water levels, rainfall intensity, and soil moisture data in real time. The backend processes and analyzes data streams in the cloud to forecast potential flood events hours in advance and automatically triggers localized light, sound alert systems as well as route re-planning APIs for emergency and public transportation. The frontend presents interactive, map-based views of risk areas and evacuation routes to city officials and first responders for rapid decision-making.;React for frontend interface, Node.js with Express for backend API, MQTT protocol for IoT device communication, AWS Lambda for serverless data processing, PostgreSQL managed on Amazon RDS, Grafana for sensor monitoring dashboards, TensorFlow Lite models deployed at edge devices for low-latency water level anomaly detection;Full-Stack Development with IoT Integration and Cloud Computing
Smart Hazard Detection and Alert System for Mining Operations;An integrated IoT and backend platform monitoring real-time hazardous gas levels and structural integrity in underground mines. The frontend provides role-based live alerts and evacuation routes for safety officers and miners, with edge processing for immediate local warnings and cloud analytics for trend detection. Machine learning models predict risk escalation based on sensor fusion data.;React.js, Node.js, MQTT, Raspberry Pi with gas sensors and accelerometers, TensorFlow.js, AWS Lambda, PostgreSQL;Frontend & Backend Development with IoT Integration and Edge AI for Industrial Safety
Intelligent Crop Disease Forecasting and Automated Irrigation Control System;This system integrates drone-collected multispectral images with cloud-hosted AI models to predict early-stage crop diseases and nutrient deficiencies. It autonomously controls irrigation via IoT-connected soil moisture sensors and actuators, optimizing water use based on real-time plant stress levels. Farmers receive SMS alerts about critical field conditions alongside actionable irrigation schedules.;React.js, Node.js, Python (TensorFlow, OpenCV), Azure IoT Hub, MQTT, Raspberry Pi with custom sensor modules, PostgreSQL, Twilio SMS API;Frontend and Backend Development integrated with AI-powered image analysis and IoT-enabled precision agriculture management
Adaptive Energy Consumption Management System for Smart Offices;This project implements an integrated system to monitor and optimize real-time energy consumption in corporate office environments by leveraging IoT sensors for data acquisition and AI algorithms for predictive energy usage adjustment. The platform dynamically controls lighting, HVAC, and equipment operation schedules based on occupancy patterns and environmental factors to reduce overall power consumption without affecting user comfort. Multi-user roles include facility managers, system administrators, and employees, each accessing tailored interfaces for interaction and reporting.;React.js, Node.js with Express, Python (TensorFlow for predictive modeling), MQTT protocol, Raspberry Pi-based IoT sensor network, PostgreSQL, Docker, Nginx;Frontend Development (React), Backend Development (Node.js, Express), IoT Integration, AI-driven Energy Management, Cloud Deployment with Containerization
Intelligent Crop Disease Early-Warning System with IoT and Predictive Analytics;This system collects real-time environmental and leaf sensor data from distributed IoT devices deployed across agricultural fields to detect early signs of crop diseases. The backend processes sensor feeds using time-series anomaly detection algorithms and historical weather correlations to forecast outbreak risks. The frontend provides farmers with heat maps of affected zones, disease progression overlays, and recommended localized intervention schedules.;"Frontend: React.js with D3.js for visual analytics; Backend: Node.js with Express and Python Flask microservice for ML analytics; IoT Devices: Arduino with multispectral leaf sensors and soil moisture probes; Database: Time-series InfluxDB; Analytics: Python libraries - scikit-learn and statsmodels; Deployment: AWS IoT Core and Lambda functions.";Frontend and Backend Development, IoT Integration, Time-series Data Analytics, Cloud-based Event-driven Architecture
Decentralized Freight Load Optimization System with Real-Time Route Adjustment;This system assists logistics coordinators in matching freight loads with carriers dynamically by considering real-time traffic data and vehicle availability to optimize delivery schedules. It leverages a decentralized server architecture to distribute load balancing requests and employs collaborative route re-optimization based on IoT sensor inputs from fleet vehicles to reduce fuel consumption and delivery delays.;React.js, Node.js, Express, Web3.js, MongoDB, MQTT for IoT communication, Docker, Kubernetes, OpenRouteService API;Full-Stack Development, Cloud & Edge Computing, IoT Integration, Transportation Logistics
Decentralized Compliance Monitoring System for Industrial Safety;This project implements a decentralized platform to monitor and validate industrial safety compliance via IoT sensors deployed onsite. The backend integrates a blockchain network to immutably record sensor data and safety check events, preventing tampering or falsification. The frontend provides real-time visualization and notifications to safety inspectors, enabling timely intervention. It automates anomaly detection using edge-computed data aggregation to identify violations or unsafe conditions.;Angular, Node.js with Express, Hyperledger Fabric (Blockchain), MQTT protocol, Raspberry Pi-based IoT Gateways, Kafka for event streaming, TimescaleDB, WebSocket for real-time updates;Frontend Development, Backend Development, IoT, Blockchain, Industrial Automation
Real-Time Distributed Traffic Violation Detection and Alert System Using Edge AI;This system integrates edge computing on IoT-enabled roadside cameras to detect traffic violations such as speeding, illegal turns, and signal breaches in real time using custom-trained neural networks. The backend aggregates violation data, validates credibility through multi-camera correlation, and dispatches alerts to relevant authorities. The frontend provides live traffic violation maps with geospatial visualization and allows law enforcement officials to manage incidents and review evidence footage with a role-based permission system.;"Frontend: React.js, Mapbox GL; Backend: Node.js, Express.js, PostgreSQL with PostGIS extension; Edge AI: TensorFlow Lite on NVIDIA Jetson Nano IoT devices; Communication: MQTT over TLS; Deployment: Docker containers orchestrated with Kubernetes on AWS IoT Greengrass services";Frontend Development, Backend Development, IoT, AI (Edge AI), Geospatial Data Processing
Decentralized Construction Site Safety Compliance Monitoring System;This system uses IoT sensor nodes deployed across construction sites to monitor real-time safety compliance, such as helmet wearing, hazardous zone access, and equipment operation. The backend leverages blockchain for immutable incident logging and automated compliance reporting, while the frontend provides safety managers with an interactive 3D site map and alert dashboard. Worker and supervisor roles encompass incident acknowledgment workflows and certification management.;"Frontend: React with Three.js for 3D visualization; Backend: Node.js with Express, Hyperledger Fabric blockchain; IoT Sensors: BLE devices measuring proximity and PPE status; Database: CouchDB; Smart Contract: Solidity; Deployment: Docker and Kubernetes";Full-Stack Development with emphasis on IoT integration and blockchain for construction safety enforcement
Decentralized Fleet Incident Reporting and Analysis System;This system enables logistics fleet operators to report, track, and analyze vehicle incidents using edge devices installed in trucks. The frontend provides a dynamic incident timeline and data visualization, while the backend securely aggregates telematics and driver input data. Blockchain technology ensures immutable incident records for audit and dispute resolution with predictive analytics highlighting high-risk routes.;React, Node.js, Hyperledger Fabric, PostgreSQL, MQTT, Docker, Kubernetes, Python (for analytics);Frontend Development, Backend Development, Blockchain Integration, IoT Telemetry, Cloud-Native Microservices
Edge-Based Livestock Health Monitoring and Alerting System;This system integrates embedded IoT sensors installed in livestock collars to monitor vital signs such as heart rate, temperature, and location in real-time. The edge device processes data locally to detect anomalies indicating potential health issues and immediately sends alerts through a backend server to farmers via a mobile web portal. The backend uses MQTT protocol for communication, while the frontend provides interactive visualization of individual animal health trends and farm-wide statuses.;"Frontend: React.js, D3.js; Backend: Node.js with Express, MQTT Broker (Mosquitto); Embedded: ARM Cortex-M microcontroller with FreeRTOS, ESP32 Wi-Fi module; Database: InfluxDB; Cloud: AWS IoT Core for scalable device management";Frontend Development, Backend Development, Embedded Systems, IoT, Cloud Computing
Predictive Maintenance System for Industrial Gas Turbines Using IoT and Cloud Analytics;This project develops an industrial-grade platform to monitor gas turbine operational parameters in real time via IoT sensor networks. Sensor data streams are ingested through a cloud-based pipeline and processed using predictive analytics to forecast potential turbine failures. The system notifies maintenance engineers via a frontend dashboard and scheduling module, enabling condition-based maintenance to reduce downtime and operational costs.;Frontend: React with D3.js, Backend: Node.js with Express, Database: InfluxDB (time-series), Cloud: AWS IoT Core and AWS Lambda, Analytics: Python (SciPy, Prophet for forecasting), Communication: MQTT protocol;Industrial Automation, IoT, Cloud Computing, Predictive Analytics
Real-Time Adaptive Greenhouse Climate Control System;This project develops an IoT-driven greenhouse climate management platform that adjusts environmental factors like temperature, humidity, and CO2 levels based on plant growth stages. The system collects sensor data through embedded devices, processes it in the backend using adaptive algorithms, and presents optimal control recommendations via a reactive frontend dashboard for agronomists. Automated actuators respond instantly to changing conditions, optimizing plant health and resource use.;"Frontend: React.js with WebSocket integration; Backend: Node.js with Express and MQTT broker; Embedded Systems: ESP32 microcontrollers for sensor and actuator control; Cloud Infrastructure: AWS IoT Core for device management and data streaming; Database: TimescaleDB for time-series data; Communication Protocol: MQTT";Frontend Development, Backend Development, IoT, Embedded Systems, Cloud Computing
Adaptive Water-Efficient Irrigation Scheduling Platform Using Soil Moisture IoT Sensors;This system collects real-time soil moisture and weather data through a network of distributed IoT sensor nodes deployed across agricultural fields. Using adaptive backend algorithms, it generates optimized irrigation schedules tailored to crop needs while minimizing water usage. The frontend dashboard allows farmers to monitor moisture levels, receive irrigation recommendations, and manually adjust schedules in a user-friendly interface.;React.js, Node.js with Express, MQTT protocol, Raspberry Pi-based soil moisture sensors, InfluxDB time-series database, Docker, Python for irrigation optimization algorithms, AWS EC2;Frontend and Backend Development with IoT integration and Cloud-based Time-Series Data Processing
AI-Driven Crop Disease Forecasting and Advisory Platform for Precision Agriculture;This project integrates multispectral drone imagery and IoT soil sensors to collect vineyard data on plant health and microclimate conditions. A convolutional neural network analyzes image patterns to detect early disease symptoms, while weather forecast APIs and soil moisture data feed into a risk prediction model that generates actionable notifications and irrigation suggestions for farmers. The architecture employs asynchronous event-driven APIs for real-time data ingestion and batch AI processing pipelines for updates on disease occurrence likelihood.;React.js, Node.js with Express, PostgreSQL, TensorFlow, MQTT protocol, AWS Lambda, DroneDeploy API, OpenWeatherMap API, Docker, Grafana;Frontend Development, Backend Development, AI (Computer Vision), IoT Integration, Cloud Computing
Intelligent Pesticide Dispersion System Using IoT and Edge Computing for Precision Agriculture;This system integrates IoT-enabled drones with edge computing nodes to autonomously monitor pest infestation in crop fields and perform targeted pesticide dispersion. Real-time pest detection is conducted through embedded multispectral cameras processing images locally to reduce latency. The backend coordinates multi-drone deployment routes optimizing coverage efficiency and excludes no-spray zones based on farmer input.;React.js, Node.js, Python, TensorFlow Lite, MQTT, Docker, Raspberry Pi, AWS IoT Core, PostgreSQL;Full-Stack Development with IoT Integration and Edge AI for Precision Agriculture
Adaptive Traffic Signal Control System for Urban Congestion Reduction;Develop a real-time traffic management platform using IoT sensors embedded at intersections to collect vehicle and pedestrian flow data. The backend uses reinforcement learning algorithms to dynamically optimize traffic light phases, reducing wait times and emissions. The frontend displays live traffic visualization and control overrides for city traffic officers. The system leverages cloud infrastructure for scalability and edge computing for low latency at intersections.;React, Node.js, Python, TensorFlow, MQTT, Raspberry Pi, AWS Lambda, PostgreSQL, WebSocket;Frontend Development, Backend Development, IoT Integration, Cloud Computing, Machine Learning
Real-Time Adaptive Traffic Signal Control System Using Edge Computing;This project develops an adaptive traffic signal controller that dynamically adjusts light phases based on live traffic data from IoT sensors. The backend processes streaming data using edge computing devices deployed at intersections to reduce latency and supports predictive analytics for congestion management. The frontend visualizes real-time traffic flow and signal status for regional traffic operators, enabling prompt interventions and system fine-tuning.;React.js, Node.js with Express, MQTT, Raspberry Pi (Edge Devices), Apache Kafka, PostgreSQL, OpenCV, Docker, WebSocket;Frontend & Backend Development, IoT, Edge Computing, Real-time Data Processing
AI-Driven Predictive Maintenance System for Industrial Gas Turbines;This project develops a comprehensive predictive maintenance platform that monitors real-time sensor data from gas turbines to anticipate mechanical failures before they occur. It employs a microservices architecture where a backend applies machine learning models to analyze vibration, temperature, and pressure signals, providing maintenance alerts through a responsive frontend dashboard. The system incrementally improves its prediction accuracy by integrating continuous sensor data streams processed via cloud-based pipelines.;React.js, Node.js with Express, Python with TensorFlow for predictive models, Apache Kafka for real-time data streaming, AWS IoT Core for device connectivity, Docker for containerization, MongoDB for time-series data storage;Industrial Automation, Frontend and Backend Development, Cloud Computing, Embedded Systems, AI/ML
Real-Time Embedded Fleet Sensor Integration for Predictive Maintenance in Public Transit;This system aggregates real-time diagnostic data from embedded IoT sensors installed across a fleet of public buses, employing edge computing to preprocess data locally. Backend algorithms analyze sensor patterns combined with historical maintenance records to predict and schedule proactive repairs. The frontend enables transport operators to monitor fleet health metrics and receive actionable maintenance alerts through an interactive map-based interface. The solution reduces unexpected breakdowns by integrating embedded device firmware, scalable cloud data services, and dynamic frontend visualization.;"Embedded C for firmware; MQTT and Raspberry Pi edge gateways; Node.js backend with Apache Kafka for data streaming; MongoDB for time-series storage; React with Mapbox GL JS for frontend visualization; Docker for deployment; AWS IoT Core for cloud integration";Frontend and Backend Development with Embedded Systems and IoT focusing on Predictive Maintenance in Transportation
Predictive Maintenance Platform for Industrial Robotic Arms Using Edge AI and Cloud Integration;This system monitors real-time sensor data from industrial robotic arms via embedded edge devices running AI models to predict component failures. It streams anomaly alerts through a secure backend API to schedulers and maintenance crews, enabling just-in-time repairs. A React frontend visualizes machine status, maintenance forecasts, and operational metrics with geospatial layouts. Data processing incorporates containerized microservices on AWS for scalability and audit trail tracking.;React, Node.js, Express, MQTT, TensorFlow Lite, Raspberry Pi, AWS Lambda, Docker, InfluxDB, WebSocket, MQTT;Frontend Development, Backend Development, Embedded Systems, AI, Cloud Computing
Predictive Maintenance Platform with Edge Computing for Manufacturing Equipment;This system continuously monitors vibrations and temperature data from industrial machines via embedded IoT sensors deployed at the equipment edge. Data is processed locally for anomaly detection, while critical events trigger backend-driven adaptive maintenance scheduling and alerting workflows to minimize unplanned downtime in manufacturing lines.;"React for frontend interface; Node.js with Express for backend API server; MQTT protocol for edge device communication; TensorFlow Lite for on-device anomaly detection; PostgreSQL for event workflow logging; Docker containers for deployment; Grafana for real-time visualization of sensor analytics";Frontend Development, Backend Development, IoT, Embedded Systems, Industrial Automation
IoT-Enabled Precision Irrigation System for Vineyard Management;This system collects real-time soil moisture, temperature, and sunlight data from a network of IoT sensor nodes distributed across vineyard fields and applies adaptive irrigation schedules via a cloud-based backend. The frontend provides vineyard managers with dynamic visualizations of environmental data and controlled valve actuation, optimizing water usage and grape quality. It incorporates edge computing for immediate anomaly detection and uses asynchronous message queuing for sensor data ingestion.;React.js, Node.js with Express, MongoDB, MQTT, Raspberry Pi IoT nodes, AWS IoT Core, Docker containers, WebSockets;Frontend Development, Backend Development, IoT Systems, Cloud Computing, Embedded Systems
Dynamic Route Optimization and Fleet Monitoring System for Last-Mile Delivery;This system integrates real-time GPS tracking with traffic and delivery constraints to dynamically optimize delivery routes for last-mile logistics companies. The backend leverages geospatial algorithms and event-driven microservices to manage route recalculations based on live conditions, while the frontend offers dispatchers a map-centric interface for oversight. Additionally, the platform uses WebSocket protocols to stream vehicle sensor data, including cargo temperature and vehicle diagnostics, ensuring timely action on delivery compliance.;"Frontend: React.js with Mapbox GL; Backend: Node.js (Express), PostgreSQL with PostGIS, Redis Pub/Sub; DevOps: Docker, Kubernetes on AWS; Real-time: WebSocket; Geospatial: Turf.js, OSRM;";Full-stack Web Development, Cloud-native Microservices, Geospatial Data Processing, Real-time IoT Data Streaming
Real-Time Air Quality Monitoring and Predictive Alert System for Urban Environments;This system integrates IoT sensors distributed across urban areas to collect air quality metrics such as PM2.5, NO2, and CO levels. The backend aggregates data using a message queuing system and employs time-series forecasting models to predict pollution peaks. The frontend provides interactive maps and customizable health advisories to residents based on their location and sensitivities.;"Frontend: React.js, D3.js; Backend: Node.js, Kafka, Python (LSTM forecasting); IoT: Arduino-based sensors with MQTT protocol; Database: InfluxDB; Deployment: AWS EC2, Docker";Frontend Development, Backend Development, IoT Integration, Cloud Computing, Machine Learning
Smart Predictive Maintenance System for Industrial Equipment Using IoT and Edge Computing;Develop a system that collects real-time sensor data from industrial machines to analyze operating conditions and predict maintenance needs through edge analytics. The frontend allows operators to visualize machine health status and receive alerts, while the backend processes data streams and applies predictive algorithms on edge devices to minimize latency. This reduces unexpected downtime by enabling condition-based maintenance within manufacturing plants.;React.js, Node.js, MQTT, Python (for edge analytics), InfluxDB, Docker, Raspberry Pi (Edge device), TensorFlow Lite;Frontend Development, Backend Development, IoT, Edge Computing, Industrial Automation
Decentralized Compliance Monitoring System for Construction Sites;This system employs embedded IoT sensors integrated on-site to continuously monitor environmental and structural parameters. The backend verifies compliance using blockchain technology to create immutable records, triggering automatic workflows if thresholds are breached. The frontend provides real-time visualizations and audit trails for site managers, safety inspectors, and regulators with role-based access.;React.js, Node.js, Ethereum Smart Contracts (Solidity), MQTT protocol, ARM Cortex-M microcontrollers, PostgreSQL, Docker;Frontend Development, Backend Development, IoT, Embedded Systems, Blockchain
Smart Construction Site Environmental Risk Monitoring and Alert System;This system integrates IoT sensor networks with a real-time monitoring backend to detect hazardous environmental variations such as airborne dust, toxic gases, and structural vibrations on construction sites. The frontend provides dynamic visualization of risk zones, predictive alerts via SMS API integration, and fast incident reporting workflows tailored for on-site safety managers and field engineers. Backend processes aggregate sensor data using time-series databases and implement anomaly detection algorithms to trigger precise alerts improving occupational safety compliance.;React.js, D3.js, Node.js, Express, InfluxDB, MQTT, Python (scikit-learn for anomaly detection), Twilio SMS API, Raspberry Pi Sensor Modules;IoT-Enabled Frontend and Backend Development for Real-time Environmental Monitoring in Construction Safety
Decentralized Crop Pest Prediction and Alert System Using Edge AI and IoT Networks;This system integrates IoT sensor networks deployed across agricultural fields with edge AI devices to detect pest infestations early by analyzing microclimatic data and visual inputs. Farmers and agronomists receive real-time alerts through a progressive web app built with offline capabilities. The backend utilizes a distributed MQTT broker cluster with serverless functions for event processing, avoiding central data bottlenecks.;"Frontend: React with PWA support; Backend: Serverless architecture on AWS Lambda with MQTT broker (EMQX); Edge AI: TensorFlow Lite micro on NVIDIA Jetson Nano; IoT: LoRa-based environmental sensors; Database: TimescaleDB for time-series sensor data; Communication: MQTT over LoRaWAN; DevOps: Docker, Terraform";IoT Engineering and Cloud-Native Backend Development with Edge AI Integration
Smart Predictive Maintenance System for Industrial Robotics Using IoT and Cloud Analytics;This system continuously monitors industrial robots' operational parameters through IoT sensors to detect early signs of wear or malfunction. It processes and analyzes real-time telemetry data in the cloud using time-series anomaly detection algorithms, enabling predictive maintenance scheduling that reduces downtime. The frontend provides maintenance teams with intuitive visualizations of robot health, alerts, and repair instructions, while the backend handles sensor data ingestion, processing pipelines, and machine learning model serving.;"Frontend: React.js, D3.js; Backend: Node.js, Express, Apache Kafka; IoT: MQTT-enabled sensors, Raspberry Pi gateways; Cloud: AWS Lambda, AWS Timestream, AWS SageMaker; Database: DynamoDB; DevOps: Docker, Kubernetes";Full-stack Development, IoT-Cloud Integration, Real-time Data Processing, Predictive Analytics, Industrial Automation
Real-Time Structural Health Monitoring System Using Embedded Sensors and Cloud Analytics;This system collects vibration and strain data from embedded IoT sensors within bridge structures to detect potential faults or degradation. The backend processes streaming sensor data with anomaly detection algorithms before visualizing alerts on the frontend for civil engineers. The solution integrates edge computing to filter sensor noise and cloud storage for long-term trend analysis to predict maintenance needs.;React, Node.js, MQTT, Python (scipy, tensorflow for anomaly detection), AWS IoT Core, AWS Lambda, PostgreSQL, Embedded C;Frontend and Backend Development with IoT sensor integration and Cloud Computing focused on Infrastructure Health Monitoring
Real-Time Structural Health Monitoring System for Bridges Using Edge Computing and Sensor Networks;This system integrates an IoT sensor network embedded on bridges to capture vibrations, strain, and environmental conditions. The data is processed locally via edge devices running analytics to detect structural anomalies and potential failures in real-time. A responsive web frontend allows civil engineers to visualize sensor data streams and alert statuses, while a backend coordinates data aggregation, edge communication, and long-term archiving.;"Frontend: React with D3.js for live data visualization; Backend: Node.js with MQTT broker and Express API; Edge Computing: Raspberry Pi devices running TensorFlow.js for anomaly detection; Database: InfluxDB for time-series data; Communication: MQTT; Development Environment: Docker for container orchestration.";IoT and Embedded Systems, Edge Computing, Real-Time Data Processing, Civil Infrastructure Monitoring
Predictive Maintenance System for Industrial Pneumatic Valves;This system integrates IoT sensors with a backend analytics engine to monitor the operational status of pneumatic valves in manufacturing plants. Data collected via embedded sensor modules is streamed in real-time to the server, where anomaly detection algorithms predict potential valve failures. The frontend visualizes valve health metrics and provides automated alerts to maintenance engineers to schedule interventions before breakdowns occur.;React.js, Node.js (Express), MQTT, Raspberry Pi (custom sensor firmware in C), Python (anomaly detection with SciPy), InfluxDB, Grafana for visualization, Docker;IoT-based Industrial Automation with Edge Embedded Systems and Predictive Analytics
Predictive Maintenance System for Industrial Robotics Using Embedded Sensors and Cloud Analytics;This system monitors industrial robotic arms in manufacturing lines by collecting real-time vibration and temperature data through embedded IoT sensors. The backend processes sensor streams using edge computing modules and uploads aggregated metrics to a cloud platform for anomaly detection with time-series analysis. Frontend visualization provides maintenance engineers with actionable alerts and instructional guidance to optimize service scheduling, minimizing downtime and enhancing operational efficiency.;React for frontend interface, Node.js with Express for backend API, MQTT protocol for IoT data transmission, ARM Cortex-M based embedded firmware with FreeRTOS, AWS IoT Core for cloud ingestion, Python with TensorFlow for anomaly detection models, Docker for containerized microservices;Full Stack Embedded Systems with IoT Integration and Cloud-based Predictive Analytics
Distributed Crop Disease Forecasting and Alert System Using Edge AI and Blockchain;This system enables real-time identification and prediction of crop diseases by processing sensor data and images on edge devices deployed in farms. It validates data integrity and stores verified alerts on a blockchain ledger to ensure tamper-proof tracking for multiple stakeholders. Farmers receive condition-specific recommendations, while agronomists access ensemble forecasting models via an asynchronous messaging backend.;"Frontend: React with Redux and WebSockets; Backend: Node.js with Express, Kafka messaging, Hyperledger Fabric blockchain; Embedded: Raspberry Pi for edge AI inferencing with TensorFlow Lite; Database: Cassandra for time-series sensor data storage";Agricultural IoT and Blockchain-Enabled Distributed Systems with Edge AI Inference
Adaptive Traffic Signal Control System Using Edge Computing and IoT;This system dynamically adjusts urban traffic light sequences based on real-time vehicle flow data collected from IoT sensors embedded at intersections. The frontend dashboard offers traffic management authorities visualizations of congestion patterns and manual override controls, while the backend employs edge computing nodes to process and respond to data locally to minimize latency. Alerts are generated for unusual traffic conditions to enable proactive interventions.;"Frontend: ReactJS with D3.js for real-time data visualization; Backend: Node.js with MQTT protocol for IoT data ingestion; Edge Computing: Raspberry Pi clusters deployed per intersection running Python-based local decision algorithms; Database: InfluxDB for time-series traffic data; Deployment: Docker containers managed on Kubernetes at edge nodes.";IoT Systems Engineering, Frontend & Backend Web Development, Edge Computing Architecture, Real-time Data Processing
Adaptive Route Optimization System for Autonomous Delivery Robots;This project develops a backend service interacting with embedded sensor networks on autonomous delivery robots to dynamically compute and update optimal delivery routes in real time. The frontend web interface allows logistics operators to remotely monitor robot statuses, define priorities, and set constraints related to battery life and obstacle zones. The backend leverages a microservices architecture with geospatial data processing and edge computing integration ensuring high responsiveness and system scalability.;React.js, Node.js with Express, Python (Flask) for microservices, MQTT for IoT device communication, PostgreSQL with PostGIS extension for spatial queries, ROS (Robot Operating System) integration, Docker, Kubernetes, OpenCV for obstacle detection, NGINX;Transportation Engineering with Embedded Systems and Cloud Native Backend Development
Adaptive Route Optimization and Cargo Monitoring System for Urban Logistics;This platform dynamically optimizes delivery routes for urban logistics companies using real-time traffic and environmental data. The system integrates vehicle IoT sensors for cargo state monitoring, feeding data into a backend microservices architecture for resilience. A reactive frontend interface allows dispatchers to track deliveries and adjust plans instantly. Machine learning models predict delivery delays to proactively reschedule routes.;"Frontend: React with WebSocket for live updates; Backend: Node.js with Express and Kafka for real-time event streaming; IoT: MQTT protocol with ARM-based edge devices; Machine Learning: Python with TensorFlow for delay prediction; Containers: Docker, orchestrated with Kubernetes on AWS Cloud";Full-stack Development, IoT Integration, Cloud Computing, Real-time Data Processing, Machine Learning
Real-time Structural Health Monitoring System for Urban Bridges;This project implements an IoT-based platform that continuously collects and analyzes vibration, stress, and tilt data from embedded sensors installed on bridge structures. The backend processes sensor data with edge computing nodes and alerts maintenance teams via a secure API when early signs of structural fatigue or damage are detected. The frontend provides infrastructure engineers with 3D visualizations and trend analysis of bridge health metrics in real time.;React.js, Node.js with Express, MQTT protocol, PostgreSQL with TimescaleDB extension, AWS IoT Core, Embedded C on STM32 microcontrollers, Grafana for frontend visualization, TensorFlow Lite for anomaly detection on edge devices;Frontend & Backend Web Development, IoT Embedded Systems, Time-series Data Analysis, Edge Computing
Decentralized Supply Chain Verification System Using Blockchain and IoT Sensors;This system enables real-time verification and tracking of perishable goods throughout the supply chain by integrating IoT sensors with a permissioned blockchain network. IoT devices at each transfer point record environmental conditions and authenticate shipments, which are immutably logged on the backend. The frontend allows supply chain managers and quality inspectors to visualize provenance and trigger alerts upon deviations in storage conditions or suspicious transitions.;"Frontend: React.js with TypeScript and D3.js for interactive tracking visualization; Backend: Node.js with Express.js and Hyperledger Fabric blockchain integration; IoT Integration: MQTT protocol with Raspberry Pi and sensor modules (temperature, humidity, GPS); Database: CouchDB as state database for blockchain; DevOps: Docker containers for microservices deployment";Full-stack Web Development, Blockchain Engineering, IoT Integration
Real-Time Occupational Safety Violation Monitoring with Wearable Sensor Network;This system integrates a network of wearable IoT sensors for construction workers, monitoring environmental conditions and worker movements to detect potential safety violations in real time. The backend processes sensor data streams using edge computing techniques, triggering immediate alerts through a web and mobile frontend, enabling site managers to intervene swiftly and prevent accidents. Additionally, blockchain technology ensures tamper-proof logging of incidents for compliance audits.;React, Node.js with Express, Kafka Streams, MQTT protocol, Raspberry Pi edge nodes, Ethereum smart contracts, PostgreSQL, WebSocket;Frontend Development / Backend Development / Internet of Things / Blockchain
Real-time Railway Track Anomaly Detection and Alert System;This system integrates IoT-enabled vibration and acoustic sensors installed on railway tracks to continuously monitor structural anomalies such as cracks or displacement. Data collected is processed by an edge-computing backend using signal processing algorithms to detect dangerous conditions and send real-time alerts to maintenance teams via a web-based frontend dashboard. The architecture prioritizes fault tolerance and low-latency communication to enhance railway safety and reduce inspection costs.;React.js, Node.js, MQTT, Apache Kafka, Python (NumPy, SciPy for signal processing), Raspberry Pi, PostgreSQL, Docker, AWS IoT Core;Frontend and Backend Development with IoT integration and real-time edge data analytics for transportation infrastructure monitoring
Real-Time Intrusion Detection and Response System for Smart Warehouses;This project develops an integrated system that monitors smart warehouse environments to detect unauthorized entries using sensor networks and video analytics. It processes event data in real time, triggering automatic security protocols such as access revocation and notifying security personnel through a dedicated alert interface. The backend orchestrates multi-source data fusion and enforces security policies, while the frontend provides live monitoring with detailed incident reports and control commands.;"Frontend: React.js with WebSocket integration; Backend: Node.js with Express, Python microservices for video analysis; Embedded Systems: Arduino-based sensor nodes for perimeter monitoring; Database: PostgreSQL and Redis for event messaging; Security: OAuth2 for authentication, TLS for device communication; Cloud: AWS IoT Core for device management";Cybersecurity and Embedded Systems with Full-Stack Development
Adaptive Traffic Signal Control System Using Edge Computing and Real-Time Data Analytics;This system dynamically adjusts traffic light patterns based on live vehicle flow and pedestrian density using embedded edge devices installed at intersections. Frontend dashboards display real-time traffic states and alerts, while the backend processes sensor data streams to optimize signal timing autonomously. It incorporates a microservices architecture with event-driven communication for scalability and fault tolerance.;React, Node.js, Python, MQTT, Apache Kafka, Docker, Raspberry Pi, PostgreSQL, Grafana;Frontend Development, Backend Development, IoT, Embedded Systems, Cloud Computing
Decentralized Fleet Emissions Optimization System for Urban Logistics;This system integrates real-time vehicle telematics and environmental sensor data to optimize delivery routes dynamically for reducing pollution. Using a blockchain-enabled backend, the platform coordinates autonomous data contributions from single drivers and fleets without centralized control, ensuring trustworthy, verifiable route decisions. The frontend visualizes emission impact analyses in real-time for logistics managers, enabling adaptive adjustments in routes and schedules to meet environmental standards.;"Frontend: ReactJS with Mapbox GL, WebSocket for real-time updates, Web3.js; Backend: Node.js with Express, Ethereum Smart Contracts (Solidity), IPFS for distributed storage; IoT: GPS and air quality sensors integrated with edge devices broadcasting via MQTT; Cloud: AWS IoT Core for device management and Lambda functions.";Frontend Development, Backend Development, Blockchain Integration, IoT Systems, Cloud IoT Management
Intelligent Predictive Maintenance System for Manufacturing Equipment;This system monitors real-time sensor data from manufacturing machinery to predict equipment failures before they occur. It combines embedded vibration and temperature sensors with AI-driven anomaly detection algorithms. The backend processes IoT data streams and schedules maintenance tasks, while the frontend visualizes machine health statuses and alerts plant operators proactively.;React, Node.js, MQTT, Python (Flask), TensorFlow, Raspberry Pi, InfluxDB, Grafana;Frontend Development, Backend Development, IoT Integration, Embedded Systems, AI for Anomaly Detection
Real-Time Drunk Driving Detection and Prevention System for Public Transport;This system integrates alcohol sensor IoT devices installed on public bus steering wheels to detect intoxication in drivers in real time. When alcohol levels exceed safe thresholds, the backend triggers automatic disabling of vehicle ignition and alerts the transport supervisor through an encrypted communication channel. The frontend dashboard allows admin users to monitor and respond to incidents instantly, ensuring public safety without manual intervention.;ReactJS, Node.js, Express, MongoDB, MQTT Protocol, Arduino with MQ-3 Alcohol Sensors, Digital Signal Processing, WebSocket for real-time updates, AES-256 Encryption;Frontend Development, Backend Development, IoT Integration, Embedded Systems, Cybersecurity
Adaptive Route Optimization System for Last-Mile Drone Deliveries;This system manages and dynamically optimizes delivery routes for drones in urban last-mile logistics. It incorporates real-time air traffic, weather data, and regulatory no-fly zones to reroute drones automatically during delivery missions to ensure timely and safe package drop-offs without human intervention.;"Frontend: React with Mapbox GL; Backend: Node.js with Express and PostgreSQL; Real-time data streaming via Kafka; Drone control integration with MAVLink protocol; Weather and airspace APIs; GIS libraries for geospatial analysis";Frontend and Backend Development with emphasis on Geospatial Data Processing and IoT Integration for Autonomous Drone Operations
Intelligent Crop Health Monitoring and Pest Prediction System Using IoT and Machine Learning;This system integrates field-deployed IoT sensor nodes collecting real-time environmental and soil parameters to monitor crop health dynamically. Data is processed in a cloud backend with a machine learning service to predict pest outbreaks ahead of time, enabling farmers to take preventive actions. A responsive frontend dashboard provides personalized alerts and visualizes field conditions with actionable insights tailored to different crop types and regions.;"Frontend: React.js, D3.js for visualizations; Backend: Node.js, Express, Python Flask microservice for ML; IoT: Arduino sensors (moisture, temperature, humidity), LoRaWAN modules; Cloud: AWS IoT Core, AWS SageMaker for pest prediction model; Database: PostgreSQL with TimescaleDB extension for temporal data; Communication: MQTT protocol";Frontend Development, Backend Development, IoT Systems, Cloud Computing, Machine Learning in Agriculture
Intelligent Traffic Signal Optimization System for Urban Smart Intersections;This system dynamically adjusts traffic light cycles based on real-time sensor data and vehicular flow prediction to reduce congestion and improve transit times. It integrates frontend visual control dashboards for city traffic managers with backend AI models deployed on edge devices. The architecture uses IoT sensors at intersections communicating via MQTT to backend services that perform reinforcement learning-based signal timing optimization.;React, Node.js with Express, Python for AI model development (TensorFlow), RabbitMQ, MQTT protocol, Raspberry Pi (edge device), PostgreSQL, Docker, Grafana;Frontend Development, Backend Development, IoT Integration, AI for Reinforcement Learning, Edge Computing
Adaptive Traffic Signal Control System Using Edge AI and Cloud Services;This system dynamically optimizes urban traffic signal timings by processing real-time vehicular data from IoT-enabled intersections with embedded edge computing units. The backend aggregates edge-processed insights and historical data to predict congestion patterns and updates signal phases via cloud orchestration services. The frontend provides live interactive maps and analytics for traffic operators to monitor system performance and manually override controls when necessary.;"Frontend: React with Mapbox GL; Backend: Node.js with Express and Kafka message queues; Edge AI: TensorFlow Lite on Raspberry Pi 4; Cloud: AWS Lambda, DynamoDB, and IoT Core; Protocols: MQTT; Database: Time-series InfluxDB";Frontend Development, Backend Development, IoT, Embedded Systems, Cloud Computing, Edge AI
IoT-Driven Crop Microclimate Regulation System for Precision Agriculture;This system enables crop-specific microclimate regulation in greenhouses using IoT sensors to continuously monitor environmental parameters combined with automated actuator controls for humidity, temperature, and soil moisture. The backend processes real-time data and adaptive algorithms to optimize vent opening, misting, and heating, while the frontend provides farmers with live monitoring and control interfaces. The architecture employs event-driven microservices for device communication and cloud integration for scalability.;React.js for frontend, Node.js with Express for backend APIs, MQTT protocol and Raspberry Pi devices for IoT integration, InfluxDB for time-series environmental data storage, Docker for containerization, AWS IoT Core for cloud device management;Frontend Development, Backend Development, IoT Integration, Cloud Computing
Real-time Operational Fault Detection and Response System for Smart Manufacturing Lines;This system continuously monitors sensor data from manufacturing equipment to detect anomalies indicating equipment faults or deviations from production standards. Using a custom event-driven microservices backend with real-time data pipelines, it triggers automated alerts and recommended remediation workflows to prevent downtime. The frontend visualizes the manufacturing line status with interactive process flow maps and simulation playback capabilities.;React, D3.js, Node.js, Kafka, PostgreSQL, Python (Real-time analytics), Docker, MQTT, Kubernetes;Industrial Automation and Real-time Backend Development
Real-Time Autonomous Drone Fleet Coordination for Precision Agriculture;This system enables coordinated control and monitoring of multiple agricultural drones performing real-time crop health scanning and targeted pesticide spraying. It integrates frontend mapping and command interfaces with backend drone scheduling, mission planning, and data aggregation. The solution employs edge computing on embedded drone modules to analyze sensor data locally, with cloud services managing fleet-wide optimization and task assignments.;React.js, Node.js, Python (for backend mission algorithms), MQTT, AWS IoT Core, Raspberry Pi with NVIDIA Jetson Nano (drone edge computing), PostgreSQL, Mapbox API;Frontend Development, Backend Development, IoT, Embedded Systems, Cloud Computing
Real-Time Smart Grid Fault Detection and Management System;This project designs and implements a real-time monitoring platform for electric power distribution networks that detects faults using data from IoT sensors embedded in grid transformers and switches. The system processes incoming data in the backend to quickly isolate fault locations and coordinates automated rerouting commands to prevent outages, while offering frontend visualizations for grid operators displaying live status and fault events. The architecture separates data ingestion, fault analysis algorithms, and control commands, ensuring low latency and high availability.;React.js, Node.js with Express, MQTT protocol for IoT communication, PostgreSQL with TimescaleDB extension for time-series data, Kafka event streaming, Redis for caching, Docker for containerization, Prometheus/Grafana for monitoring;Smart Cities | Embedded IoT Systems | Real-Time Data Processing | Cloud-Native Backend Development | Frontend Visualization
Predictive Equipment Maintenance System Using Embedded Vibration Analysis for Manufacturing Plants;This system collects real-time vibration and temperature data from manufacturing equipment via embedded sensors interfaced with microcontrollers. Backend algorithms analyze sensor data streams to predict machinery failure and generate maintenance schedules, minimizing downtime. The web-based frontend visualizes equipment health trends and alerts plant technicians through an intuitive dashboard.;React, Node.js, Express, PostgreSQL, MQTT protocol, ARM Cortex-M microcontrollers (STM32), FFT signal processing, Docker, Grafana;Frontend Development, Backend Development, Embedded Systems, Industrial IoT
Distributed Energy Theft Detection and Billing System for Smart Grids;This system monitors real-time electricity consumption through embedded metering devices and uses a backend event streaming platform to detect anomalous consumption patterns that suggest energy theft. The frontend provides utility operators with visualization tools to investigate and validate suspected theft in specific locations, while customers use a mobile app to view their usage and receive verified billing. The architecture leverages a microservices backend in Golang with Apache Kafka for data ingestion, and React.js with WebSocket for real-time updates on the frontend.;Golang, Apache Kafka, PostgreSQL, React.js, WebSocket, ARM Cortex-M Microcontrollers, MQTT;Energy Systems Engineering, Embedded Systems, Real-Time Data Processing, Frontend and Backend Web Development
Real-Time Structural Health Monitoring System for Construction Sites;This system collects multi-sensor data from embedded IoT vibration and strain sensors installed on building frameworks to detect hazardous stress levels or premature structural failures. The backend performs real-time data aggregation and risk assessment using edge computing to reduce latency, alongside cloud storage for historical analysis. The frontend visualizes structural integrity trends and issues alert thresholds for site engineers to ensure safety compliance during construction phases.;React, Node.js with Express, MQTT, Raspberry Pi with custom C++ firmware, Apache Kafka, AWS IoT Core, InfluxDB, Grafana;Frontend Development, Backend API Development, IoT Embedded Systems, Edge and Cloud Data Processing, Real-time Systems
Dynamic Microclimate Monitoring and Response System for Precision Agriculture;This system collects real-time microclimate data using sensor-equipped IoT devices distributed across large farming fields. It processes the collected data via a backend analytics engine to generate hyper-local irrigation and fertilization scheduling, contributing to efficient resource use. A geo-aware frontend dashboard enables farm managers to visualize data trends and automatically configure sensor deployments. The backend includes prediction models that adjust control strategies based on incoming weather forecasts and crop growth stages.;React, Node.js, MQTT, InfluxDB, Grafana, Python Flask, TensorFlow Lite, Arduino, LoRaWAN modules;Agriculture Engineering with IoT and Data Analytics integration
Decentralized Ecosystem for Secure Renewable Energy Trading Using Blockchain and IoT;This platform enables households and small producers in smart grids to autonomously monitor energy generation and consumption via IoT devices and securely trade surplus renewable energy using blockchain-based smart contracts. The system implements decentralized peer discovery and automated invoicing, combined with real-time data analytics for energy balance optimization to incentivize sustainable energy exchange.;"Frontend: React with TypeScript and Web3.js; Backend: Node.js with Express and Solidity smart contracts deployed on Ethereum testnet; IoT Devices programmed using Python on Raspberry Pi; Database: IPFS for storing immutable data; Communication protocols: MQTT for IoT messaging; DevOps: Docker, Ganache for local blockchain testing";Frontend Development, Backend Development, Blockchain Development, IoT Integration, Smart Contract Programming, Decentralized Application Architecture
Real-Time Hazard Detection and Alert System for Construction Sites;This system integrates wearable IoT sensors with a backend process to monitor workers' vitals and environmental hazards like toxic gases or structural instabilities in real-time. The frontend web dashboard visualizes live safety metrics, sends automatic alerts to site supervisors, and manages emergency response workflows. The backend performs continuous data analysis, risk scoring, and event correlation to proactively detect threats, improving onsite accident prevention.;React.js, Node.js (Express), MQTT, Raspberry Pi with sensors (gas, accelerometer, heart rate), PostgreSQL, WebSocket, Grafana;Frontend and Backend Development with IoT integration and real-time data streaming for Construction Safety Management
Smart City Traffic Congestion Prediction and Adaptive Signal Control System;This system integrates real-time traffic data from IoT sensors and historical data to predict congestion levels at city intersections. It dynamically adjusts traffic signal timings through a microservices architecture to optimize traffic flow and minimize wait times. The frontend provides traffic managers with live visualizations and simulation tools to evaluate control strategies under different scenarios.;React, Node.js (Express), PostgreSQL, Apache Kafka, Python (TensorFlow), MQTT, Docker, AWS EC2, Kubernetes;Frontend Development, Backend Development, IoT Integration, Cloud Computing, Microservices Architecture, Machine Learning
Real-Time Medication Adherence Monitoring and Alert System for Elderly Care;This project develops a web and mobile platform where caregivers and medical professionals monitor elderly patients' medication intake using IoT-enabled pill dispensers equipped with weight sensors. The backend processes sensor data to detect missed doses, sending automated alerts via SMS and app notifications, while dynamically adjusting reminders based on adherence patterns. The system ensures coordination between multi-user roles including patients, caregivers, and healthcare providers through secure, role-based access.;"Frontend: React.js with React Native; Backend: Node.js with Express and MongoDB; IoT: ESP32 microcontroller with load sensors; Notifications: Twilio SMS API and Firebase Cloud Messaging; Authentication via OAuth 2.0";Full-stack development integrating IoT sensor data processing with telehealth communication and alerting tailored for geriatric medication management
Decentralized Secure Voting System with Biometric Verification;This application provides a blockchain-based voting platform where voters verify identity using facial recognition captured via webcam. Votes are recorded immutably on a private Ethereum network. The system includes both a React frontend for voter interaction and an Express.js backend handling biometric authentication and blockchain transactions. The workflow ensures vote anonymity while preventing double voting and facilitates real-time result aggregation through smart contract events.;React, WebRTC, TensorFlow.js, Node.js, Express.js, Solidity, Ganache, MetaMask, MongoDB;Frontend Development, Backend Development, Blockchain Integration, Computer Vision, Cybersecurity
Real-Time Hazard Detection and Alert System for Construction Sites;This system integrates wearable IoT sensors and computer vision to continuously monitor worker posture and surrounding equipment on construction sites. Backend services analyze real-time data to detect potential hazards like falls, heavy machinery proximity, or excessive fatigue and trigger immediate alerts to onsite supervisors through a mobile-responsive frontend. The architecture ensures low-latency processing and secure communication between embedded devices and a cloud-hosted analysis platform, minimizing accident response time.;React.js, Node.js, Python (OpenCV), MQTT, AWS IoT Core, PostgreSQL, Docker;Frontend Development, Backend Development, IoT, Embedded Systems, Cloud Computing
Real-Time Heat Stress Monitoring System for Construction Workers Using IoT and Cloud Analytics;This project develops an integrated system to monitor heat stress risks faced by construction workers through wearable IoT sensors tracking biometric and environmental data. A backend cloud platform processes data in real-time to trigger alerts and predictive insights, enabling safety supervisors to take preventive actions. The frontend web dashboard visualizes risk levels, environmental trends, and worker status on site with geo-location mapping.;React.js, Node.js, Express.js, MongoDB, Azure IoT Hub, Azure Functions, MQTT, D3.js, Arduino with temperature and heart rate sensors, GeoJSON;Frontend Development, Backend Development, IoT Integration, Cloud Computing, Real-time Data Processing, Construction Safety Technology
Integrated Drone Fleet Management System for Precision Agriculture;This system enables agricultural managers to oversee and coordinate multiple drones conducting tasks such as soil analysis, crop health monitoring, and targeted pesticide spraying. It features real-time flight path optimization and data aggregation, ensuring efficient task scheduling and comprehensive field coverage without human manual intervention.;"Frontend: React.js with Mapbox GL JS; Backend: Node.js with Express and RabbitMQ for task distribution; IoT: DJI SDK integration for drone control; Database: PostgreSQL with PostGIS; DevOps: Docker and Kubernetes; Cloud: AWS Lambda for data processing.";Frontend Development, Backend Development, IoT Integration, Cloud Computing, Geospatial Data Processing
Real-Time Predictive Maintenance System for Industrial Robotics;This system monitors industrial robotic arms through IoT sensors to collect vibration and temperature data. It applies edge computing and ML models on the embedded gateway to predict potential failures and recommends maintenance schedules to reduce downtime. The backend manages device coordination and calibrated alert dissemination via a microservice-based API while the frontend visualizes robot health indicators in real time for maintenance engineers.;React.js, Node.js with Express, MQTT IoT Protocol, Python TensorFlow for onboard prediction, Raspberry Pi with ARM Cortex gateway, Docker microservices, PostgreSQL Time-Series DB, WebSocket;Frontend Development, Backend Development, IoT, Embedded Systems, Cloud Computing
Peer-Driven Virtual Lab Scheduler for Collaborative STEM Experiments;This system enables undergraduate science students to collaboratively reserve, configure, and conduct virtual laboratory experiments in real-time with enforced resource sharing and conflict resolution protocols. It integrates an event-driven backend with socket-based communication to synchronize experiment parameters across clients, while dynamically allocating virtual lab environments based on group availability and experiment dependencies.;"Frontend: React with WebRTC and Redux; Backend: Node.js with Express, WebSockets; Database: Redis for session management and PostgreSQL for experiment metadata; Infrastructure: Kubernetes for container orchestration; CI/CD: Jenkins pipeline";Full Stack Development with Real-Time Communication in Educational Laboratory Management
Real-Time Predictive Maintenance Platform for Smart Manufacturing Lines;This system integrates embedded sensors on manufacturing equipment to collect operational data and uses a microservice backend to run real-time anomaly detection models. The frontend visualizes equipment health and alerts plant engineers about maintenance needs before breakdowns occur, reducing downtime and improving workflow scheduling across assembly lines.;React.js, Node.js with Express, Python for anomaly detection (using time series algorithms), MQTT for IoT sensor communication, Docker for containerization, PostgreSQL, Grafana for real-time metrics visualization;Full Stack Development with Embedded Systems Integration and IoT-driven Predictive Analytics
Smart Structural Health Monitoring System for Bridge Infrastructure;This system integrates IoT sensor networks embedded within bridge structures to continuously monitor dynamic stress, vibrations, and material degradation. Collected data is processed in a cloud backend implementing custom anomaly detection algorithms to predict potential structural failures and schedule maintenance before critical issues arise. Frontend provides civil engineers with real-time visualizations, alerts, and detailed historical analytics for infrastructure assessment and decision-making.;React, Node.js, Express, InfluxDB, MQTT, AWS Lambda, TensorFlow.js for edge anomaly detection, WebSockets;Frontend Development, Backend Development, IoT Integration, Cloud Computing, Embedded Systems
Predictive Crop Disease Monitoring and Automated Response System;This system integrates IoT sensors deployed in agricultural fields to continuously monitor crop health indicators such as soil moisture, humidity, temperature, and leaf wetness. The backend processes sensor data using a machine learning model trained to recognize early patterns of common crop diseases, triggering real-time alerts and activating automated irrigation or pesticide drones. The frontend provides farmers with intuitive field maps showing affected zones and recommendations for intervention, enabling timely, data-backed decision-making on large-scale farms.;"Frontend: React.js with Mapbox GL for geospatial visualization; Backend: Node.js with Express for API and MQTT broker integration; Machine Learning: TensorFlow.js for on-the-edge data inference and Python-based model training; IoT: LoRaWAN sensors and drone control via MQTT; Database: PostgreSQL with PostGIS extension";Full-stack Development with IoT integration, Edge AI for agricultural monitoring, Geospatial Data Processing, and Real-Time Automated Actuation in Precision Farming
Intelligent Cargo Routing and Environment Monitoring System for Cold Chain Logistics;This system integrates real-time IoT sensor data from refrigerated transport containers with a cloud-based route optimization engine to maintain optimal temperature and humidity conditions throughout transit. The backend uses a constraint-aware algorithm to dynamically adapt delivery routes based on environmental readings and predicted traffic patterns, while the frontend provides logistic coordinators board views of cargo statuses and environmental alerts. This reduces spoilage risk in perishable goods logistics and improves decision-making efficiency in cold chain management.;"Frontend: React.js with WebSocket integration; Backend: Node.js with Express, Python microservices for route optimization; IoT Devices: ESP32 sensors for temperature and humidity tracking; Cloud: AWS Lambda for event-driven routing adjustments, AWS IoT Core for sensor data ingestion; Database: DynamoDB for real-time state persistence.";Cold Chain Logistics Management with IoT-enabled Environmental Monitoring and Adaptive Route Optimization
Energy Consumption Anomaly Detection and Responsive Load Management System for Smart Buildings;This system continuously monitors real-time energy usage data from IoT-enabled sensors embedded within building infrastructure. Utilizing a backend anomaly detection algorithm based on time-series analysis, it identifies irregular consumption patterns and triggers responsive load adjustments to optimize energy efficiency without manual intervention. A frontend interactive control panel visualizes current status, historic data trends, and allows facility managers to configure thresholds and override actions urgently.;React.js, Node.js with Express, InfluxDB for time-series data storage, MQTT protocol for IoT communication, Python with TensorFlow for anomaly detection, Docker for containerization, AWS Lambda for serverless load management;Smart Buildings IoT and Energy Analytics
Dynamic Passenger Flow Optimization System for Urban Metro Networks;This system continuously monitors passenger movement and density across metro stations via embedded sensor networks and camera feeds. The backend analyzes real-time data to predict congestion and dynamically adjusts escalator speeds and train dispatch intervals to balance crowd distribution, communicated through a frontend dashboard for transit operators. Event-driven microservices and IoT device coordination guarantee low-latency responsiveness in optimizing passenger flow during peak periods.;React, Node.js with Kafka event streaming, PostgreSQL, MQTT protocol, Raspberry Pi embedded sensors, OpenCV for video analysis, Docker containers, AWS Lambda for scalable processing;Urban Transportation Systems Development
Real-Time Structural Health Monitoring System for Bridges Using Embedded Sensors and Cloud Analytics;Develop a system that continuously collects vibration and strain data from embedded IoT sensors installed on bridge infrastructure. The backend processes real-time data streams to detect anomalies indicating structural weaknesses, leveraging edge computing for immediate alerts, while a frontend dashboard visualizes health metrics and predicted maintenance needs. This solution integrates sensor firmware, edge data filtering, and cloud analytics to optimize bridge safety and maintenance planning.;"Frontend: React.js with D3.js for data visualization; Backend: Node.js with WebSocket for real-time data handling, Python for anomaly detection; IoT/Embedded: ARM Cortex-M microcontrollers with integrated accelerometers and strain gauges; Cloud: AWS IoT Core and AWS Lambda for data ingestion and processing";Frontend and Backend Development with Embedded IoT Systems and Cloud-Based Real-Time Data Analytics
Decentralized Crop Disease Diagnostic and Advisory System Using Edge AI and IoT Networks;This system integrates IoT-based multispectral sensors with edge AI devices deployed in farms to detect and classify crop diseases in real time. The backend uses decentralized data aggregation across edge nodes to deliver actionable diagnostic reports and customized treatment recommendations through a progressive web app. The architecture prioritizes bandwidth efficiency and data privacy by processing images locally on edge devices before syncing with a blockchain-based audit trail service.;React, Node.js with Express, TensorFlow Lite for Edge AI, MQTT for IoT communication, Hyperledger Fabric blockchain, AWS Lambda for serverless functions;Frontend Development, Backend Development, IoT, Edge AI, Blockchain
AI-Driven Crop Disease Prediction and Alert System Using Microclimate IoT Sensors;The system collects real-time environmental and microclimate data through IoT sensor networks deployed across farmland to predict the onset of crop diseases using machine learning models. Farmers receive timely, geotargeted alerts through a web-based frontend to take preventive measures. Backend services handle data ingestion, anomaly detection, and disease forecasting through a microservices architecture.;"Frontend: React.js with real-time map visualization using Leaflet.js; Backend: Node.js with Express and Kafka for data streaming; Database: TimescaleDB for time-series sensor data; AI: TensorFlow.js for on-edge prediction models; IoT: ESP32 sensor nodes transmitting via MQTT over LoRaWAN";Frontend Development, Backend Development, AI, IoT
Real-Time Occupational Hazard Detection and Alert System for Construction Sites;This system uses an embedded sensor network deployed on construction equipment and workers' protective gear to monitor environmental data and worker motions. A backend service analyzes the sensor inputs with fault detection algorithms to identify potential safety risks, triggering immediate frontend notifications and evacuation routes on supervisors' dashboards. It enables proactive hazard prevention rather than reactive incident reporting.;Frontend: React.js with WebSocket notifications, Backend: Node.js with Express and MQTT broker integration, Embedded: ARM Cortex-M microcontrollers with accelerometers and gas sensors, Database: Time-series optimized InfluxDB, Communication: LoRaWAN for onsite sensor data transmission;Embedded Systems, Frontend Development, Backend Development, IoT, Real-Time Event Processing
Predictive Energy Demand Optimization for Smart Grids Using Federated Learning;A distributed system enabling regional energy providers to collaboratively train machine learning models on local consumption data without sharing sensitive information. The platform forecasts short-term energy demand by analyzing device-level smart meter data across multiple homes in real time, workflow includes edge data pre-processing, federated model aggregation, and dynamic adjustment signals sent to IoT-connected grid controllers to balance supply and demand.;React.js, Node.js with Express, Python (PyTorch Federated), Docker, MQTT, PostgreSQL, Kubernetes;Frontend Development, Backend Development, AI (Federated Learning), IoT Integration, Cloud Computing, Energy Domain
Predictive Maintenance Platform for CNC Machinery Using Real-Time Vibration Analysis;This system collects real-time vibration and temperature data from CNC machines via IoT sensors, processes the data using edge computing devices, and employs custom-built machine learning models run on a backend server to predict potential mechanical failures. The frontend displays interactive timelines with maintenance alerts and detailed analytics for factory floor managers to schedule proactive maintenance, minimizing downtime without heavy reliance on traditional condition monitoring tools.;"Frontend: React.js with D3.js for interactive visuals; Backend: FastAPI with Python ML libraries (Scikit-learn, TensorFlow); IoT: Raspberry Pi with vibration accelerometers and temperature sensors; Edge Computing: Nvidia Jetson Nano; Database: TimescaleDB for time-series sensor data; Messaging: MQTT for sensor communication";Industrial Automation and Predictive Maintenance
Real-Time Structural Health Monitoring System for Bridges Using IoT and Edge Analytics;This system continuously collects and analyzes vibration and strain data from sensor networks deployed on bridge structures to detect potential damage or risks. The edge-nodes preprocess sensor data to reduce latency and bandwidth usage before securely transmitting critical alerts to a centralized backend for long-term trend analysis and emergency response coordination. The frontend provides civil engineers and maintenance teams with interactive 3D visualizations and real-time notifications to optimize infrastructure safety scheduling.;"Frontend: React with Three.js for 3D visualization; Backend: Node.js with Express and MongoDB; IoT: ARM Cortex-M microcontrollers with accelerometers and strain gauges; Edge Analytics: TensorFlow Lite for anomaly detection; Communication: MQTT over TLS; Deployment: AWS IoT Core";Frontend Development, Backend Development, IoT Systems, Edge Computing, Cybersecurity
Intelligent Soil Nutrient Monitoring and Fertigation Control System for Precision Agriculture;This system integrates IoT-based soil sensors and a cloud-hosted backend to provide real-time nutrient analysis and automated fertigation scheduling on vegetable farms. A web frontend enables agronomists to visualize nutrient dynamics, adjust nutrient recipes, and receive alerts for deviations. The embedded firmware manages datalogging and control of fertigation valves via edge computing for low-latency operations.;React.js, Node.js with Express, MQTT Broker, Raspberry Pi with custom sensor firmware in C++, Microsoft Azure IoT Hub, PostgreSQL, Docker, Grafana for visualization;Frontend Development, Backend Development, IoT Integration, Embedded Systems, Cloud Computing
Adaptive Energy Consumption Optimization Platform for Smart Buildings;This system integrates data from IoT-enabled sensors distributed across commercial buildings to monitor real-time energy usage and environmental conditions. It uses backend algorithms applying predictive models to optimize HVAC and lighting controls adjusted via a React-based frontend interface tailored for facility managers. The platform dynamically adapts energy distribution schedules to both occupancy patterns and external weather factors, reducing waste while maintaining occupant comfort.;"Frontend: React, Redux, D3.js; Backend: Node.js, Express.js, PostgreSQL; IoT Devices: MQTT protocol, Arduino sensors (temperature, occupancy, light); Cloud: AWS EC2, Lambda functions; AI: TensorFlow for energy usage prediction models";Full-Stack Development with IoT integration and Machine Learning for Energy Management in Smart Buildings
Decentralized Smart Contract Platform for Microinsurance Claim Validation;This system enables policyholders and insurance adjusters to submit claims and supporting evidence through a blockchain-enabled platform where microinsurance contracts are validated automatically using verifiable conditions coded in smart contracts. The backend uses Ethereum blockchain with Solidity for contract logic, while the frontend implements React for real-time claim tracking and digital signature verification integration. It minimizes fraud by recording immutable claim transactions and automates claim approval workflows based on predefined rules interacting with off-chain APIs for evidence validation.;React, Node.js, Express, Ethereum, Solidity, Web3.js, IPFS, MongoDB;Frontend Development, Backend Development, Blockchain, Smart Contracts
Decentralized Vehicle Roadworthiness Inspection System Using IoT and Cloud microservices;This system enables authorized vehicle inspection stations to conduct and record real-time roadworthiness inspections using IoT-enabled diagnostic sensors interfaced with vehicles. Inspection data is securely transmitted to a cloud microservices architecture that processes, validates, and issues digital tamper-proof compliance certificates accessible to transport authorities and vehicle owners. Workflow enforces device authorization, multi-level validation, and audit logging for regulatory transparency.;React.js, Node.js with Express, MQTT protocol for IoT communication, Azure Kubernetes Service, Docker, PostgreSQL, TypeScript, Web Authentication API, REST and gRPC, Embedded ARM Cortex IoT devices;Full Stack Development with IoT Integration and Cloud Microservices Architecture
Predictive Maintenance System for Industrial Robotics Using Edge AI and Cloud Orchestration;This system combines IoT-enabled sensors embedded in industrial robots with edge AI models to detect early signs of mechanical wear in real-time. The edge device preprocesses sensor data to identify anomalies, while the backend cloud orchestrates repair scheduling and resource allocation across multiple manufacturing units. The frontend allows maintenance engineers to visualize robot health trends, receive automated alerts, and optimally plan maintenance without interrupting production runtime.;React, Node.js with Express, Python (TensorFlow Lite for Edge AI), MQTT, Docker, Kubernetes, InfluxDB, AWS IoT Core, Grafana;Full-Stack Development, Embedded Systems, Edge AI, Cloud Computing, Industrial IoT Integration
Smart Traffic Signal Optimization System Using EdgeAI;The system dynamically adapts city traffic signals based on real-time vehicle flow using embedded edge devices with AI processing. A React frontend provides live visualization and manual override controls for traffic operators. The Node.js backend orchestrates data aggregation, analytics, and signal timing updates via MQTT messaging to embedded controllers. This reduces congestion by locally processing video streams without sending data to the cloud.;React, Node.js, TensorFlow Lite, MQTT, Raspberry Pi, OpenCV, Docker, Express.js;Frontend Development, Backend Development, Embedded Systems, AI
Distributed Edge Computing Framework for Real-Time Wildfire Detection and Alert System;This project develops a distributed edge computing system that leverages IoT environmental sensors and drone-mounted cameras coordinated through a backend platform to detect and analyze wildfire indicators in real-time. Frontend users such as forest rangers receive dynamically updated heat maps and automated hazard alerts, enabling timely evacuations or interventions. The backend processes heterogeneous sensor data using geo-distributed microservices deployed on cloud-edge hybrid infrastructure for low latency and scalability.;React.js, Node.js with Express, Docker, Kubernetes, MQTT protocol for IoT communication, Python for edge ML models, AWS Greengrass, Mapbox API for frontend geospatial visualization;Full Stack Web Development, Cloud-Edge Distributed Systems, IoT Integration, Geospatial Data Processing
Intelligent Drone Fleet Management System for Precision Viticulture;This system coordinates a fleet of autonomous drones equipped with multispectral sensors to monitor vineyard health, detect disease outbreaks, and optimize irrigation. A web frontend offers viticulturists interactive vineyard maps with real-time sensor data, while the backend manages drone scheduling, flight path optimization, sensor data aggregation, and anomaly detection using image analysis. Communication between drones and backend is secured using MQTT over TLS, with geofencing and fail-safe landing protocols to ensure operational safety.;"Frontend: React.js, Mapbox GL; Backend: Python Flask, PostgreSQL, RabbitMQ; Drone Firmware: PX4 autopilot (C++), OpenCV for image processing; Communication: MQTT with TLS; Deployment: AWS EC2, Docker containers.";Integrated Frontend and Backend Development with Embedded Drone Control and Real-time Edge Computer Vision for Precision Agriculture
Adaptive Traffic Signal Control Using Edge Computing and IoT Sensors;This system dynamically adjusts traffic light timings based on real-time vehicle flow data collected from distributed IoT sensors at intersections. A backend edge server processes sensor inputs with custom queuing algorithms to reduce congestion without relying on centralized cloud services. The web-based frontend visualizes live traffic states for city operators and allows manual override of signals in emergencies.;"Frontend: React, D3.js; Backend: Node.js with Express, MQTT protocol; Edge Computing: Raspberry Pi cluster running Docker containers; IoT: Ultrasonic and infrared sensors with ESP32; Database: InfluxDB time-series store";IoT & Edge Computing with Real-Time Systems, Frontend Development, Backend Development
Smart Crop Disease Monitoring and Prediction System Using IoT and Cloud Analytics;This system integrates IoT-enabled sensor nodes deployed in agricultural fields to continuously monitor crop health parameters such as humidity, temperature, and leaf moisture. The backend processes sensor data in real-time to detect early signs of crop diseases using pattern recognition algorithms, while the frontend provides farmers with actionable alerts and detailed field reports through an interactive web application. Cloud infrastructure ensures scalable data storage and supports periodic machine learning model retraining to improve prediction accuracy over time.;"Frontend: React.js, D3.js; Backend: Node.js with Express, Python for ML processing; IoT: Arduino Uno with environmental sensors (DHT22, soil moisture), MQTT protocol; Cloud: AWS IoT Core, AWS Lambda, Amazon S3; Database: Time-series database InfluxDB";Frontend Development, Backend Development, IoT Integration, Cloud Computing, Machine Learning
Decentralized Agricultural Drone Fleet Coordination for Precision Crop Spraying;"This system enables coordinated real-time control and task allocation among multiple agricultural drones using a decentralized communication network to optimize crop spraying efficiency. The frontend provides interactive mission planning and live telemetry visualization; the backend handles dynamic path optimization and decentralized fault-tolerant communication. The platform integrates IoT sensors on drones for environment mapping and adjusts spraying parameters autonomously based on soil and plant data.";"Frontend: React.js, WebSockets, D3.js; Backend: Node.js, MQTT, RabbitMQ, Go for real-time coordination algorithms; Drone Firmware: Embedded C++; IoT: Sensor integration via LoRaWAN; Database: TimescaleDB for geospatial and temporal data; Infrastructure: Docker, Kubernetes on AWS IoT Core.";IoT-Integrated Multi-Agent Systems with Decentralized Communication in Agricultural Technology, Real-Time Embedded Systems, Frontend Visualization for Autonomous Vehicle Coordination
Intelligent Load Balancing and Fault Prediction for Urban Microgrid Networks;This system monitors, predicts, and balances energy loads across a network of urban microgrids by analyzing sensor data and weather forecasts. It utilizes a backend service for real-time data aggregation, forecasting future consumption patterns using machine learning models, and dynamically adjusting distribution via IoT-enabled controllers. The frontend provides utility operators with interactive network visualization, alerts for predicted faults, and manual override controls for critical grid nodes.;React, Node.js with Express, Python (scikit-learn for ML models), MQTT for IoT communication, InfluxDB for time-series data, Grafana for visualizations, Docker for containerization, AWS IoT Core;Frontend Development, Backend Development, Cloud Computing, AI for predictive analytics, IoT communication protocols
Real-Time Construction Site Hazard Detection and Alert System;This system uses embedded IoT sensors combined with a backend real-time event processing engine to detect and analyze hazardous conditions at construction sites, such as structural instabilities or gas leaks. The frontend provides site managers with live insights and automated alert notifications to ensure worker safety and compliance with regulations. The architecture utilizes edge devices for immediate data capture, secured communication channels, and scalable cloud services for long-term data storage and analytics.;Frontend: React with WebSocket integration, Backend: Node.js with Kafka stream processing, Embedded Systems: ARM Cortex-M microcontrollers with connected gas and vibration sensors, Cloud: AWS IoT Core, Security: TLS encryption and role-based access control;Embedded Systems, IoT Integration, Real-time Event Processing, Cloud Computing, Cybersecurity, Frontend & Backend Development
Smart Crop Irrigation Management Using IoT and Cloud Analytics;The system automates precision irrigation by collecting soil moisture, temperature, and humidity data from distributed sensor nodes across farmland. It analyzes real-time data in the cloud to optimize water distribution schedules and activate irrigation valves via embedded controllers. Farmers interact through a responsive web frontend to configure zones, monitor conditions, and receive actionable alerts.;"Frontend: React, D3.js; Backend: Node.js, Express, MQTT Broker, AWS IoT Core; Embedded: ESP32 Microcontrollers; Database: AWS DynamoDB; Cloud Analytics: AWS Lambda, AWS SageMaker (for predictive water demand modeling)";Frontend and Backend Development, Embedded IoT Systems, Cloud Computing, Data Analytics in Agriculture
Multi-Agent Traffic Flow Optimization Platform Using Edge Computing;The system dynamically adjusts traffic signals by integrating real-time sensor data and predictive analytics to reduce congestion in urban areas. Frontend visualizes traffic patterns and simulation results, while backend manages agent communication and optimization algorithms. Edge devices preprocess sensor data locally to minimize latency and bandwidth usage.;React.js, Node.js, RabbitMQ, Redis, Python (TensorFlow for traffic pattern prediction), MQTT, Docker, Kubernetes, Intel NCS for edge inference;Frontend Development, Backend Development, Edge Computing, IoT, Cloud Infrastructure
Decentralized Smart Contract Verification and Execution Platform for Legal Agreements;This platform enables lawyers and clients to author, verify, and execute legal contracts using smart contracts on a permissioned blockchain. The backend manages contract state transitions and enforces predefined terms without centralized control, while the frontend provides interactive contract drafting and status tracking using custom logic visualization tools. Integration with cryptographic timestamping ensures evidence admissibility in disputes.;"Frontend: React with D3.js for contract flow visualization; Backend: Node.js with Express and Hyperledger Fabric blockchain network; Security: RSA/ECC cryptography libraries for digital signatures; Database: CouchDB off-chain storage for document versions; CI/CD: Jenkins pipelines";Full-Stack Blockchain Development, Legal Technology, Cryptographic Security, Decentralized Systems
AI-powered Smart Irrigation System with Weather-adaptive Scheduling;Develop a full-stack application that integrates IoT soil moisture sensors and weather forecasting APIs to optimize irrigation in agriculture fields. The system uses backend microservices to process sensor data and predict optimal watering schedules using machine learning models, while the frontend presents actionable insights and scheduling options to farm managers. Secure MQTT communication and edge computing modules manage real-time sensor data to reduce water waste and improve crop yield.;"Frontend: React.js with D3.js for real-time data visualization; Backend: Node.js with Express.js, Python Flask for ML microservices; IoT: ESP32 sensors, MQTT protocol; AI: TensorFlow for predictive irrigation models; Cloud: AWS IoT Core, Lambda for serverless processing; Database: InfluxDB for time-series sensor data; Cybersecurity: TLS encryption for communication";Frontend Development, Backend Development, IoT Integration, Artificial Intelligence, Cloud Computing, Embedded Systems, Cybersecurity
Real-Time Structural Integrity Monitoring Using BIM and IoT for Construction Sites;This system integrates Building Information Modeling (BIM) with IoT sensor data to monitor structural elements' health during construction in real-time. It collects vibrations, tilt, and load parameters via embedded sensors in structural components, analyzing anomalies to proactively detect potential integrity issues. Construction managers receive instant alerts and 3D visualizations of the site, enabling timely intervention and safety management.;"Frontend: React with Three.js for 3D BIM visualization; Backend: Node.js with GraphQL API for sensor data aggregation; IoT: ESP32-based vibration and strain sensors; Database: Time-series database InfluxDB; Infrastructure: AWS Lambda and IoT Core for serverless data ingestion and messaging.";Construction Technology, Embedded Systems, Real-Time Data Streaming, Cloud-Integrated IoT, Frontend 3D Visualization
Predictive Maintenance and Fault Diagnostics Platform for Wind Turbine Farms;This system collects real-time sensor data from wind turbines via embedded IoT devices and applies time-series anomaly detection and classification models to forecast potential mechanical failures. It integrates a microservices backend using event-driven architecture to handle data ingestion, predictive analytics, and alerts, while the frontend provides operators with interactive visualizations of turbine health, maintenance schedules, and repair workflow coordination.;React, D3.js, Node.js, Kafka, Python (TensorFlow, scikit-learn), Raspberry Pi (sensor interfacing), MQTT, Docker, Grafana;Full-Stack Development with IoT Integration and Predictive Analytics for Renewable Energy Maintenance
Decentralized Drone Fleet Management System for Precision Agriculture;This system orchestrates a fleet of agricultural drones to perform synchronized crop monitoring and pesticide application using a blockchain-based communication protocol. It processes real-time sensor data via edge computing on drones and issues dynamic task assignments to optimize resource usage across vast farmlands. The backend handles distributed ledger maintenance for task logs and drone authentication, while the frontend visualizes drone paths, field conditions, and system status with interactive geospatial maps.;React, Mapbox GL JS, Node.js, Express, PostgreSQL, Hyperledger Fabric, MQTT, Docker, Kubernetes, Go, WebRTC, Edge computing on embedded ARM boards;Frontend Development, Backend Development, IoT, Embedded Systems, Cloud Computing, Blockchain
Distributed Fleet Theft Prediction and Recovery Management System;This system integrates real-time GPS data and vehicular status relayed via IoT sensors to anticipate potential vehicle thefts within a large fleet. It employs backend event-driven microservices to detect anomalous routes and trigger coordinated alerts across law enforcement and servicing units. The frontend provides an interactive map for monitoring vehicle positions and predictive risk scores, facilitating swift decision-making and vehicle recovery workflows.;"Frontend: React.js with Mapbox GL JS for dynamic routing visualization; Backend: Node.js with Kafka streaming and Apache Flink for real-time anomaly detection; Database: TimescaleDB for geotemporal data; IoT: Custom embedded GPS trackers with LoRaWAN protocol; Cloud: AWS IoT Core for device management.";Transportation with embedded IoT, stream processing, event-driven backend architecture, and geospatial frontend visualization
Decentralized Legal Contract Verification System Using Blockchain and React;This system enables law firms and legal professionals to digitize, timestamp, and verify legal contracts on a permissioned blockchain network to ensure immutability and authenticity. Frontend users submit contracts through a React interface, which interacts with a Node.js backend responsible for embedding contract hashes into the blockchain via smart contracts. The backend also manages user roles and handles cryptographic validation workflows for contract provenance. Key users include attorneys, paralegals, and compliance officers, who follow a multi-step verification procedure before contract finalization.;React, Node.js, Express.js, Hyperledger Fabric, Solidity, Docker, MongoDB, Web3.js;Full Stack Development with Blockchain Integration in Legal Technology
AI-Driven Crop Disease Forecasting and Response System for Precision Agriculture;This platform integrates IoT sensor data from field-deployed devices with AI models to predict crop disease occurrences weekly. It automates advisory dispatches to farmers via mobile and web interfaces and manages dynamic treatment scheduling based on localized disease risk indices. The backend performs real-time analytics, while the frontend enables visualization of disease spread and action insights tailored for agronomists and farm managers.;React.js, Node.js with Express, MQTT protocol for IoT data ingestion, TensorFlow for AI modeling, MongoDB for time-series data storage, Docker for containerization, Azure IoT Hub, Grafana for data visualization;Frontend Development, Backend Development, AI Integration, IoT Systems, Cloud Computing
Intelligent Crop Disease Forecasting and Alert System for Precision Agriculture;This system integrates real-time IoT sensor data from crop fields with weather forecast APIs to predict and detect early signs of crop diseases using a backend capable of handling time-series analysis. Farmers receive dynamic alerts through a responsive frontend dashboard enabling site-specific treatment recommendations. An embedded soil humidity and temperature monitoring submodule powers adaptive irrigation control.;React.js, Node.js with Express, PostgreSQL, Python for predictive analytics with TensorFlow, MQTT protocol for IoT sensor communication, Raspberry Pi embedded devices, OpenWeatherMap API, Docker for containerization;Full-Stack Development with IoT Integration and Machine Learning for Agriculture
Predictive Maintenance and Anomaly Detection System for Wind Turbine Farms;This system collects real-time sensor data from wind turbines via embedded IoT devices to monitor mechanical and electrical parameters. The backend applies time-series analysis and anomaly detection algorithms to predict equipment failures before they occur. The frontend provides operators with visual insights and maintenance scheduling tools to optimize turbine uptime and reduce operational costs.;React, D3.js, Node.js, Python (TensorFlow, Keras), MQTT, PostgreSQL, Raspberry Pi, Docker, Grafana;Frontend Development, Backend Development, IoT, Embedded Systems, AI (Time-Series Anomaly Detection)
Adaptive Traffic Signal Control System Using Edge Computing and IoT Sensors;This system dynamically adjusts traffic light durations based on real-time traffic flow data collected from IoT-enabled roadside sensors. The backend processes traffic patterns at the edge to minimize latency, while the frontend visualization offers traffic operators an interactive map with simulation capabilities for traffic optimization strategies.;React.js, Node.js, MQTT, EdgeX Foundry, Raspberry Pi, PostgreSQL, WebSocket;Frontend Development, Backend Development, IoT, Edge Computing
Intelligent Wildfire Detection and Alert System Using Edge IoT Networks;This system integrates a distributed network of low-power embedded air quality and temperature sensors deployed in forest areas to detect early signs of wildfires. The sensors process data locally using anomaly detection algorithms and communicate detected events to a centralized backend service via LoRaWAN. The platform delivers prioritized alerts to mobile devices of forestry operators and municipalities, optimizing evacuation workflows and response times.;React Native, Node.js with Express, PostgreSQL, TensorFlow Lite (for edge anomaly detection), Arduino-based sensor nodes, LoRaWAN communication stack, AWS IoT Core;Frontend Development, Backend Development, IoT Embedded Systems, Edge AI
Edge-Enabled Predictive Maintenance System for Industrial CNC Machines;This project implements an edge computing architecture to monitor operational parameters from CNC machines in real-time, using embedded sensors and an IoT gateway. The backend hosts a time-series database and processes data with stateful anomaly detection algorithms that predict impending failures, triggering maintenance alerts. A custom frontend visualizes live machine states, risk levels, and suggested maintenance actions tailored for plant operators and maintenance managers. The design emphasizes low-latency data processing and secure communication across the industrial network.;React.js, Node.js with Express, InfluxDB, MQTT, TensorFlow Lite (anomaly detection on edge), Raspberry Pi IoT gateway with embedded sensor interfaces, TLS for data security, Docker;Full-Stack Development, IoT Edge Computing, Embedded Systems Integration, Predictive Maintenance Analytics
Real-time Soil Nutrient Analysis and Autonomous Irrigation Control System;This system integrates IoT sensors embedded in farmland to continuously monitor soil nutrient levels, moisture, and pH. A backend platform processes the sensor data to determine nutrient deficiencies and irrigation needs, triggering AI algorithms that automatically control irrigation actuators and provide precise fertilizer dosage recommendations. The frontend dashboard offers farmers real-time insights and adjustment overrides respecting crop-specific nutrient requirements and weather forecasts.;React.js for frontend, Node.js with Express and MQTT broker for backend, Python with TensorFlow for AI nutrient deficiency diagnosis, Arduino-based IoT sensor nodes with soil nutrient sensors and valve controllers, PostgreSQL for data storage, Docker containers for deployment.;Frontend Development, Backend Development, IoT, Embedded Systems, AI
Intelligent Fleet Hazard Detection and Driver Alert System for Commercial Trucks;This project develops a real-time hazard detection system using in-vehicle IoT sensors combined with a backend analytics engine to monitor truck conditions and external road hazards. The frontend web portal provides fleet managers and drivers with situational alerts, trip analytics, and dynamic routing options to minimize risk and improve safety compliance. Data from embedded sensors on brakes, tires, and driver behavior integrates with cloud-hosted event correlation and support timely maintenance reminders.;"Frontend: React.js, WebSocket; Backend: Node.js, Apache Kafka; IoT: ARM Cortex-M microcontrollers, MQTT protocol; Cloud: AWS Lambda, DynamoDB; Embedded RTOS: FreeRTOS";Transportation, IoT Embedded Systems, Cloud Computing, Real-time Data Processing
Predictive Maintenance System for Renewable Energy Wind Turbines;A real-time monitoring and predictive maintenance platform that collects sensor data from embedded IoT devices installed on wind turbines, uses time-series analysis and anomaly detection algorithms on the backend to forecast potential failures, and provides maintenance crews with augmented reality-guided repair workflows via a progressive web frontend. This system enables reduction in downtime and operational costs by scheduling predictive maintenance precisely based on equipment conditions.;"Frontend: React.js with Three.js for augmented reality visualization; Backend: Python Flask with Prophet and LSTM models; IoT: ARM Cortex-M microcontrollers with MQTT protocol; Database: InfluxDB for time-series data; Deployment: Docker on AWS EC2 with IoT Gateway";Frontend Development, Backend Development, IoT Embedded Systems, Cloud Computing, Time-Series Predictive Analytics
Intelligent Fault Prediction and Maintenance Scheduler for Wind Turbine Systems;This system collects real-time turbine operational data via IoT sensors and leverages a machine learning model hosted in a cloud environment to predict mechanical faults before they occur. Maintenance managers access timely alerts and optimized service schedules through a web portal. The backend orchestrates data ingestion, model inference, and task scheduling, while the frontend provides interactive visualization of turbine health and maintenance insights.;React.js, Node.js, Python (TensorFlow), MQTT, AWS IoT Core, AWS Lambda, PostgreSQL, Docker, Grafana;Frontend Development, Backend Development, IoT Integration, Cloud Computing, AI-based Predictive Analytics
Intelligent Wildfire Detection and Response System Using UAV Network;This system integrates a network of autonomous UAV drones equipped with thermal and smoke sensors that continuously monitor forest areas for early signs of wildfires. Real-time data is transmitted to a cloud-based backend that analyzes anomalies using custom spatiotemporal algorithms and triggers prompt alert notifications to regional firefighting units via a secure web frontend. The system also plans optimized UAV flight routes dynamically to maximize surveillance coverage while updating in-service drone positions continuously.;"Frontend: React with Mapbox GL for live drone map visualization, WebSockets for real-time updates; Backend: Node.js with Express, MongoDB for spatial data, Redis for state management; Cloud: AWS Lambda for scalable anomaly detection, AWS S3 for logging; Embedded: Custom firmware in UAV sensor modules using STM32 microcontrollers; Communication: LoRaWAN and LTE networks";Embedded Systems, Cloud Computing, Frontend Development, Backend Development, IoT
Predictive Maintenance Scheduling for Industrial Pumps Using IoT and Cloud Analytics;This system collects real-time sensor data from industrial pumps through embedded IoT devices and streams it to a cloud platform for analysis. It applies domain-specific time-series anomaly detection models to predict potential failures and automatically schedules maintenance operations by coordinating with field technician workflows. The frontend offers interactive visualization of asset health and dynamic work order management, optimizing uptime and reducing maintenance costs.;React.js, Node.js with Express, MQTT, AWS IoT Core, AWS Lambda, Time-Series Anomaly Detection using Python (Prophet, ARIMA), MongoDB, Docker;Frontend Development, Backend API Development, IoT Integration, Cloud Computing, Embedded Systems, Predictive Analytics
Real-Time Underground Mine Environment Monitoring and Hazard Alert System;This system collects and analyzes real-time data from embedded sensor networks deployed in underground mines, detecting hazardous gases, temperature spikes, and structural vibrations. The backend processes sensor streams using edge-computing gateways to trigger immediate alerts and evacuation protocols via a secure communication channel. Miners and safety officers access an interactive frontend mapping mine layouts, viewing dynamic risk zones and drill-down incident histories to proactively manage safety operations.;"Frontend: React with D3.js for dynamic mine mapping; Backend: Node.js with MQTT broker integration for sensor data ingestion; Embedded Systems: ARM Cortex microcontrollers with Zigbee sensor nodes; Database: InfluxDB for time-series sensor data; Communication: WPA2 Enterprise secure Wi-Fi; Visualization: WebSocket for real-time updates";Embedded Systems, Frontend Development, Backend Development, Real-Time Data Streaming, Industrial Safety Monitoring
Decentralized Incident Reporting and Emergency Response Coordination for Construction Sites;This system enables real-time reporting of safety incidents on construction sites using wearable IoT sensors. It leverages a blockchain backend to securely log events, triggering automated dispatch and communication to on-site safety officers and emergency responders via a mobile-first frontend platform, ensuring events are immutable and traceable. Embedded vibration and gas sensors integrated with the platform detect accidents proactively, improving response times and safety compliance.;React Native, Node.js with Express, Ethereum Smart Contracts (Solidity), MQTT for IoT messaging, Raspberry Pi with sensor modules, Hyperledger Fabric, PostgreSQL;Frontend and Backend Development integrating IoT Embedded Systems with Blockchain for Construction Safety Management
Adaptive Route Optimization System for Urban Logistic Fleets Using Real-Time Traffic and Environmental Data;This system dynamically optimizes delivery routes for fleet drivers in urban environments by integrating live traffic congestion, air quality indices, and vehicle performance metrics. Fleet managers and drivers interact through a mobile and web interface that recalculates routes to minimize fuel consumption and delivery delays. The backend processes large-scale telemetry data using event-driven microservices and delivers route recommendations through MQTT messaging to vehicle onboard units.;"Frontend: React with React Native, Mapbox GL JS; Backend: Node.js with Express, Apache Kafka, PostgreSQL with TimescaleDB extension; Communication: MQTT; Infrastructure: Docker, AWS EC2; Languages: JavaScript, TypeScript";Full-Stack Development, Real-Time Data Processing, Geo-Spatial Analysis, IoT Communication Protocols
Predictive Maintenance System for Smart Factory Equipment Using Edge Computing;This system continuously monitors industrial machinery vibrations and temperature using IoT sensors, processing data locally on edge devices to detect early warning signs of equipment failure. The frontend displays real-time operational health and maintenance schedules, while the backend aggregates sensor data and optimizes machine learning models for predictive alerts. Integration with a cloud platform enables centralized historical data analysis without overwhelming network bandwidth.;React.js, Node.js (Express), MQTT, Python (TensorFlow), Raspberry Pi with Edge TPU, InfluxDB, Grafana, AWS IoT Core;Industrial Automation, IoT, Edge Computing, Machine Learning
Decentralized Secure Evidence Chain for Legal Proceedings;This system enables collection, verification, and chronological ordering of digital evidence for legal cases using blockchain technology, ensuring tamper-proof audit trails. Frontend allows lawyers and forensic experts to submit, annotate, and timestamp evidence asynchronously, while the backend orchestrates decentralized storage and consensus management. Smart contracts automate evidence admissibility checks with cryptographic proofs.;React, Node.js, Ethereum Solidity, IPFS, Hyperledger Fabric, PostgreSQL;Frontend Development, Backend Development, Blockchain Security, Smart Contract Development, Decentralized Cloud Storage
AI-Driven Predictive Maintenance System for Industrial Automation;This system monitors real-time machine performance data using embedded IoT sensors deployed on factory equipment. The backend uses time-series analysis combined with machine learning models to predict equipment failures before they occur, triggering timely alerts to technicians. A React-based frontend visualizes sensor status, predictive alerts, and maintenance schedules, improving operational uptime while reducing unexpected breakdowns.;React, Node.js, Express, Python (scikit-learn, TensorFlow), MQTT, Raspberry Pi with sensor modules, InfluxDB, Grafana, Docker;Industrial Automation, IoT, AI-based Predictive Analytics, Full-Stack Development
Real-Time Smart Irrigation Management System Using IoT and Cloud Integration;This project designs and implements a precision irrigation system that monitors soil moisture, temperature, and evapotranspiration metrics via distributed IoT sensor networks. It automatically controls water valves using backend rule-based algorithms and weather forecasts accessed via cloud APIs to optimize water usage in agriculture. A responsive web frontend visualizes field conditions, irrigation schedules, and provides alert notifications for abnormal readings or system faults.;"Frontend: React with D3.js for data visualization; Backend: Node.js with Express.js; IoT: ESP32 microcontrollers with soil moisture and temperature sensors; Cloud: AWS IoT Core for device management and Lambda for event-driven irrigation logic; Database: PostgreSQL with PostGIS for spatial data; Communication: MQTT protocol; Deployment: Dockerized services on AWS ECS";Agricultural Technology with IoT and Cloud Computing Integration, Full-Stack Development, Embedded Systems Networking
Adaptive Air Quality Monitoring and Control System for Urban Smart Homes;This system integrates IoT sensor networks with a web-based frontend and a microservices backend to monitor indoor air quality in real time and automatically adjust HVAC operations. It leverages fine-grained pollutant detection, cloud-based data processing, and user-configurable alerts to enhance home environmental health. Users can visualize live data trends, set personalized air quality targets, and remotely control ventilation parameters through an intuitive interface.;React, Node.js with Express, MQTT protocol, Docker, AWS IoT Core, PostgreSQL, Grafana, Raspberry Pi with air quality sensors, WebSockets;Frontend Development, Backend Development, IoT Embedded Systems, Cloud Computing
Decentralized Energy Consumption Optimization and Trading Platform for Smart Grids;This system enables residential and commercial users to monitor, analyze, and optimize their energy usage in real-time, while participating in peer-to-peer energy trading using blockchain technology. By integrating IoT sensors with a backend energy analytics engine, it dynamically adjusts consumption patterns and facilitates secure transactions of surplus energy within a localized smart grid network.;"Frontend: React.js with D3.js for real-time energy visualization; Backend: Node.js with Express, MongoDB for time-series data, Hyperledger Fabric for blockchain-based transactions; IoT: ESP32 microcontroller with smart meters; Cloud: AWS IoT Core and Lambda services; Security: OAuth2 with TLS encryption for secure communication";Full-Stack Development, IoT Systems Integration, Blockchain Engineering, Cloud Computing, Embedded Systems
Predictive Maintenance Platform for Industrial Machinery Using Edge Computing;This system continuously collects real-time vibration and temperature data from sensors embedded on industrial machines using edge devices. Data preprocessing and anomaly detection run locally on the edge to minimize latency and network load, triggering maintenance alerts sent to backend workflows. The frontend visualizes machine health status and predicted failure intervals for maintenance teams to plan interventions efficiently.;ReactJS, Node.js with Express, MQTT Protocol, Python (TensorFlow Lite), Raspberry Pi for Edge Computing, PostgreSQL, Docker, Grafana;Industrial Automation, Edge Computing, IoT, Predictive Analytics
Predictive Maintenance Scheduler Using IoT Sensor Data for Industrial Equipment;This system collects real-time vibration and temperature data from IoT-enabled sensors attached to industrial machinery and analyzes the data with backend time-series algorithms to predict potential equipment failures. The frontend provides dynamic maintenance scheduling visualizations for plant engineers, allowing them to proactively assign maintenance tasks. Communication between devices and the backend is secured through MQTT protocol with TLS encryption to ensure data integrity.;React, Node.js with Express, InfluxDB, MQTT, Python (Prophet, LSTM), Docker, Grafana, TLS, Linux Embedded Systems;Frontend Development, Backend Development, IoT, Cloud Computing
Smart Pavement Condition Monitoring and Alert System for Urban Road Safety;This system integrates edge-enabled IoT sensors embedded in road pavements to collect real-time vibrations and surface deformation data, processed via a microservice backend with time-series analytics to detect hazardous faults. A progressive web application provides city maintenance teams with live alerts, predictive maintenance schedules, and interactive geo-maps visualizing pavement health, improving timely interventions and minimizing traffic disruptions.;React, Node.js with Express, Kafka for data streaming, TimescaleDB for time-series database, ARM Cortex microcontrollers for sensor nodes, MQTT protocol, WebGL for map visualization, Docker for containerization;Frontend Development, Backend Development, IoT, Embedded Systems, Cloud Computing
